original,model
NAME_CONTRACT_TYPE,f0000_NAME_CONTRACT_TYPE
CODE_GENDER,f0001_CODE_GENDER
FLAG_OWN_CAR,f0002_FLAG_OWN_CAR
FLAG_OWN_REALTY,f0003_FLAG_OWN_REALTY
CNT_CHILDREN,f0004_CNT_CHILDREN
AMT_INCOME_TOTAL,f0005_AMT_INCOME_TOTAL
AMT_CREDIT,f0006_AMT_CREDIT
AMT_ANNUITY,f0007_AMT_ANNUITY
AMT_GOODS_PRICE,f0008_AMT_GOODS_PRICE
NAME_TYPE_SUITE,f0009_NAME_TYPE_SUITE
NAME_INCOME_TYPE,f0010_NAME_INCOME_TYPE
NAME_EDUCATION_TYPE,f0011_NAME_EDUCATION_TYPE
NAME_FAMILY_STATUS,f0012_NAME_FAMILY_STATUS
NAME_HOUSING_TYPE,f0013_NAME_HOUSING_TYPE
REGION_POPULATION_RELATIVE,f0014_REGION_POPULATION_RELATIVE
DAYS_BIRTH,f0015_DAYS_BIRTH
DAYS_EMPLOYED,f0016_DAYS_EMPLOYED
DAYS_REGISTRATION,f0017_DAYS_REGISTRATION
DAYS_ID_PUBLISH,f0018_DAYS_ID_PUBLISH
OWN_CAR_AGE,f0019_OWN_CAR_AGE
FLAG_MOBIL,f0020_FLAG_MOBIL
FLAG_EMP_PHONE,f0021_FLAG_EMP_PHONE
FLAG_WORK_PHONE,f0022_FLAG_WORK_PHONE
FLAG_CONT_MOBILE,f0023_FLAG_CONT_MOBILE
FLAG_PHONE,f0024_FLAG_PHONE
FLAG_EMAIL,f0025_FLAG_EMAIL
OCCUPATION_TYPE,f0026_OCCUPATION_TYPE
CNT_FAM_MEMBERS,f0027_CNT_FAM_MEMBERS
REGION_RATING_CLIENT,f0028_REGION_RATING_CLIENT
REGION_RATING_CLIENT_W_CITY,f0029_REGION_RATING_CLIENT_W_CITY
WEEKDAY_APPR_PROCESS_START,f0030_WEEKDAY_APPR_PROCESS_START
HOUR_APPR_PROCESS_START,f0031_HOUR_APPR_PROCESS_START
REG_REGION_NOT_LIVE_REGION,f0032_REG_REGION_NOT_LIVE_REGION
REG_REGION_NOT_WORK_REGION,f0033_REG_REGION_NOT_WORK_REGION
LIVE_REGION_NOT_WORK_REGION,f0034_LIVE_REGION_NOT_WORK_REGION
REG_CITY_NOT_LIVE_CITY,f0035_REG_CITY_NOT_LIVE_CITY
REG_CITY_NOT_WORK_CITY,f0036_REG_CITY_NOT_WORK_CITY
LIVE_CITY_NOT_WORK_CITY,f0037_LIVE_CITY_NOT_WORK_CITY
ORGANIZATION_TYPE,f0038_ORGANIZATION_TYPE
EXT_SOURCE_1,f0039_EXT_SOURCE_1
EXT_SOURCE_2,f0040_EXT_SOURCE_2
EXT_SOURCE_3,f0041_EXT_SOURCE_3
APARTMENTS_AVG,f0042_APARTMENTS_AVG
BASEMENTAREA_AVG,f0043_BASEMENTAREA_AVG
YEARS_BEGINEXPLUATATION_AVG,f0044_YEARS_BEGINEXPLUATATION_AVG
YEARS_BUILD_AVG,f0045_YEARS_BUILD_AVG
COMMONAREA_AVG,f0046_COMMONAREA_AVG
ELEVATORS_AVG,f0047_ELEVATORS_AVG
ENTRANCES_AVG,f0048_ENTRANCES_AVG
FLOORSMAX_AVG,f0049_FLOORSMAX_AVG
FLOORSMIN_AVG,f0050_FLOORSMIN_AVG
LANDAREA_AVG,f0051_LANDAREA_AVG
LIVINGAPARTMENTS_AVG,f0052_LIVINGAPARTMENTS_AVG
LIVINGAREA_AVG,f0053_LIVINGAREA_AVG
NONLIVINGAPARTMENTS_AVG,f0054_NONLIVINGAPARTMENTS_AVG
NONLIVINGAREA_AVG,f0055_NONLIVINGAREA_AVG
APARTMENTS_MODE,f0056_APARTMENTS_MODE
BASEMENTAREA_MODE,f0057_BASEMENTAREA_MODE
YEARS_BEGINEXPLUATATION_MODE,f0058_YEARS_BEGINEXPLUATATION_MODE
YEARS_BUILD_MODE,f0059_YEARS_BUILD_MODE
COMMONAREA_MODE,f0060_COMMONAREA_MODE
ELEVATORS_MODE,f0061_ELEVATORS_MODE
ENTRANCES_MODE,f0062_ENTRANCES_MODE
FLOORSMAX_MODE,f0063_FLOORSMAX_MODE
FLOORSMIN_MODE,f0064_FLOORSMIN_MODE
LANDAREA_MODE,f0065_LANDAREA_MODE
LIVINGAPARTMENTS_MODE,f0066_LIVINGAPARTMENTS_MODE
LIVINGAREA_MODE,f0067_LIVINGAREA_MODE
NONLIVINGAPARTMENTS_MODE,f0068_NONLIVINGAPARTMENTS_MODE
NONLIVINGAREA_MODE,f0069_NONLIVINGAREA_MODE
APARTMENTS_MEDI,f0070_APARTMENTS_MEDI
BASEMENTAREA_MEDI,f0071_BASEMENTAREA_MEDI
YEARS_BEGINEXPLUATATION_MEDI,f0072_YEARS_BEGINEXPLUATATION_MEDI
YEARS_BUILD_MEDI,f0073_YEARS_BUILD_MEDI
COMMONAREA_MEDI,f0074_COMMONAREA_MEDI
ELEVATORS_MEDI,f0075_ELEVATORS_MEDI
ENTRANCES_MEDI,f0076_ENTRANCES_MEDI
FLOORSMAX_MEDI,f0077_FLOORSMAX_MEDI
FLOORSMIN_MEDI,f0078_FLOORSMIN_MEDI
LANDAREA_MEDI,f0079_LANDAREA_MEDI
LIVINGAPARTMENTS_MEDI,f0080_LIVINGAPARTMENTS_MEDI
LIVINGAREA_MEDI,f0081_LIVINGAREA_MEDI
NONLIVINGAPARTMENTS_MEDI,f0082_NONLIVINGAPARTMENTS_MEDI
NONLIVINGAREA_MEDI,f0083_NONLIVINGAREA_MEDI
FONDKAPREMONT_MODE,f0084_FONDKAPREMONT_MODE
HOUSETYPE_MODE,f0085_HOUSETYPE_MODE
TOTALAREA_MODE,f0086_TOTALAREA_MODE
WALLSMATERIAL_MODE,f0087_WALLSMATERIAL_MODE
EMERGENCYSTATE_MODE,f0088_EMERGENCYSTATE_MODE
OBS_30_CNT_SOCIAL_CIRCLE,f0089_OBS_30_CNT_SOCIAL_CIRCLE
DEF_30_CNT_SOCIAL_CIRCLE,f0090_DEF_30_CNT_SOCIAL_CIRCLE
OBS_60_CNT_SOCIAL_CIRCLE,f0091_OBS_60_CNT_SOCIAL_CIRCLE
DEF_60_CNT_SOCIAL_CIRCLE,f0092_DEF_60_CNT_SOCIAL_CIRCLE
DAYS_LAST_PHONE_CHANGE,f0093_DAYS_LAST_PHONE_CHANGE
FLAG_DOCUMENT_2,f0094_FLAG_DOCUMENT_2
FLAG_DOCUMENT_3,f0095_FLAG_DOCUMENT_3
FLAG_DOCUMENT_4,f0096_FLAG_DOCUMENT_4
FLAG_DOCUMENT_5,f0097_FLAG_DOCUMENT_5
FLAG_DOCUMENT_6,f0098_FLAG_DOCUMENT_6
FLAG_DOCUMENT_7,f0099_FLAG_DOCUMENT_7
FLAG_DOCUMENT_8,f0100_FLAG_DOCUMENT_8
FLAG_DOCUMENT_9,f0101_FLAG_DOCUMENT_9
FLAG_DOCUMENT_10,f0102_FLAG_DOCUMENT_10
FLAG_DOCUMENT_11,f0103_FLAG_DOCUMENT_11
FLAG_DOCUMENT_12,f0104_FLAG_DOCUMENT_12
FLAG_DOCUMENT_13,f0105_FLAG_DOCUMENT_13
FLAG_DOCUMENT_14,f0106_FLAG_DOCUMENT_14
FLAG_DOCUMENT_15,f0107_FLAG_DOCUMENT_15
FLAG_DOCUMENT_16,f0108_FLAG_DOCUMENT_16
FLAG_DOCUMENT_17,f0109_FLAG_DOCUMENT_17
FLAG_DOCUMENT_18,f0110_FLAG_DOCUMENT_18
FLAG_DOCUMENT_19,f0111_FLAG_DOCUMENT_19
FLAG_DOCUMENT_20,f0112_FLAG_DOCUMENT_20
FLAG_DOCUMENT_21,f0113_FLAG_DOCUMENT_21
AMT_REQ_CREDIT_BUREAU_HOUR,f0114_AMT_REQ_CREDIT_BUREAU_HOUR
AMT_REQ_CREDIT_BUREAU_DAY,f0115_AMT_REQ_CREDIT_BUREAU_DAY
AMT_REQ_CREDIT_BUREAU_WEEK,f0116_AMT_REQ_CREDIT_BUREAU_WEEK
AMT_REQ_CREDIT_BUREAU_MON,f0117_AMT_REQ_CREDIT_BUREAU_MON
AMT_REQ_CREDIT_BUREAU_QRT,f0118_AMT_REQ_CREDIT_BUREAU_QRT
AMT_REQ_CREDIT_BUREAU_YEAR,f0119_AMT_REQ_CREDIT_BUREAU_YEAR
EMPLOYED_SENTINEL,f0120_EMPLOYED_SENTINEL
AGE_YEARS,f0121_AGE_YEARS
EMPLOYED_YEARS,f0122_EMPLOYED_YEARS
CREDIT_INCOME_RATIO,f0123_CREDIT_INCOME_RATIO
ANNUITY_INCOME_RATIO,f0124_ANNUITY_INCOME_RATIO
CREDIT_ANNUITY_RATIO,f0125_CREDIT_ANNUITY_RATIO
GOODS_CREDIT_RATIO,f0126_GOODS_CREDIT_RATIO
EMPLOYED_AGE_RATIO,f0127_EMPLOYED_AGE_RATIO
INCOME_PER_PERSON,f0128_INCOME_PER_PERSON
EXT_MEAN,f0129_EXT_MEAN
EXT_MIN,f0130_EXT_MIN
EXT_MAX,f0131_EXT_MAX
EXT_STD,f0132_EXT_STD
EXT_COUNT,f0133_EXT_COUNT
DOCUMENT_COUNT,f0134_DOCUMENT_COUNT
MISSING_COUNT,f0135_MISSING_COUNT
EXTRA_APP__EXT_SOURCE_1_EXT_SOURCE_2_PRODUCT,f0136_EXTRA_APP__EXT_SOURCE_1_EXT_SOURCE_2_PRODUCT
EXTRA_APP__EXT_SOURCE_1_EXT_SOURCE_2_GAP,f0137_EXTRA_APP__EXT_SOURCE_1_EXT_SOURCE_2_GAP
EXTRA_APP__EXT_SOURCE_2_EXT_SOURCE_3_PRODUCT,f0138_EXTRA_APP__EXT_SOURCE_2_EXT_SOURCE_3_PRODUCT
EXTRA_APP__EXT_SOURCE_2_EXT_SOURCE_3_GAP,f0139_EXTRA_APP__EXT_SOURCE_2_EXT_SOURCE_3_GAP
EXTRA_APP__EXT_SOURCE_1_EXT_SOURCE_3_PRODUCT,f0140_EXTRA_APP__EXT_SOURCE_1_EXT_SOURCE_3_PRODUCT
EXTRA_APP__EXT_SOURCE_1_EXT_SOURCE_3_GAP,f0141_EXTRA_APP__EXT_SOURCE_1_EXT_SOURCE_3_GAP
EXTRA_APP__EXT_AGE,f0142_EXTRA_APP__EXT_AGE
EXTRA_APP__EXT_EMPLOYED,f0143_EXTRA_APP__EXT_EMPLOYED
EXTRA_APP__INCOME_CREDIT_DIFF,f0144_EXTRA_APP__INCOME_CREDIT_DIFF
EXTRA_APP__GOODS_CREDIT_DIFF,f0145_EXTRA_APP__GOODS_CREDIT_DIFF
EXTRA_APP__CAR_AGE_RATIO,f0146_EXTRA_APP__CAR_AGE_RATIO
EXTRA_APP__DAYS_REGISTRATION_AGE_RATIO,f0147_EXTRA_APP__DAYS_REGISTRATION_AGE_RATIO
EXTRA_APP__DAYS_ID_PUBLISH_AGE_RATIO,f0148_EXTRA_APP__DAYS_ID_PUBLISH_AGE_RATIO
EXTRA_APP__DAYS_LAST_PHONE_CHANGE_AGE_RATIO,f0149_EXTRA_APP__DAYS_LAST_PHONE_CHANGE_AGE_RATIO
EXTRA_APP__EXT_SOURCE_1_MISSING,f0150_EXTRA_APP__EXT_SOURCE_1_MISSING
EXTRA_APP__EXT_SOURCE_2_MISSING,f0151_EXTRA_APP__EXT_SOURCE_2_MISSING
EXTRA_APP__EXT_SOURCE_3_MISSING,f0152_EXTRA_APP__EXT_SOURCE_3_MISSING
EXTRA_APP__HAS_HISTORY,f0153_EXTRA_APP__HAS_HISTORY
BB_CLIENT__N_ROWS,f0154_BB_CLIENT__N_ROWS
BB_CLIENT__BB__N_ROWS__mean,f0155_BB_CLIENT__BB__N_ROWS__mean
BB_CLIENT__BB__N_ROWS__max,f0156_BB_CLIENT__BB__N_ROWS__max
BB_CLIENT__BB__MONTHS_BALANCE__min__mean,f0157_BB_CLIENT__BB__MONTHS_BALANCE__min__mean
BB_CLIENT__BB__MONTHS_BALANCE__min__max,f0158_BB_CLIENT__BB__MONTHS_BALANCE__min__max
BB_CLIENT__BB__MONTHS_BALANCE__max__mean,f0159_BB_CLIENT__BB__MONTHS_BALANCE__max__mean
BB_CLIENT__BB__MONTHS_BALANCE__max__max,f0160_BB_CLIENT__BB__MONTHS_BALANCE__max__max
BB_CLIENT__BB__DELINQUENT__mean__mean,f0161_BB_CLIENT__BB__DELINQUENT__mean__mean
BB_CLIENT__BB__DELINQUENT__mean__max,f0162_BB_CLIENT__BB__DELINQUENT__mean__max
BB_CLIENT__BB__DELINQUENT__max__mean,f0163_BB_CLIENT__BB__DELINQUENT__max__mean
BB_CLIENT__BB__DELINQUENT__max__max,f0164_BB_CLIENT__BB__DELINQUENT__max__max
BB_CLIENT__BB__DELINQUENT__sum__mean,f0165_BB_CLIENT__BB__DELINQUENT__sum__mean
BB_CLIENT__BB__DELINQUENT__sum__max,f0166_BB_CLIENT__BB__DELINQUENT__sum__max
BB_CLIENT__BB__SEVERITY__mean__mean,f0167_BB_CLIENT__BB__SEVERITY__mean__mean
BB_CLIENT__BB__SEVERITY__mean__max,f0168_BB_CLIENT__BB__SEVERITY__mean__max
BB_CLIENT__BB__SEVERITY__max__mean,f0169_BB_CLIENT__BB__SEVERITY__max__mean
BB_CLIENT__BB__SEVERITY__max__max,f0170_BB_CLIENT__BB__SEVERITY__max__max
BB_CLIENT__BB__DELINQUENT_MONTH__max__mean,f0171_BB_CLIENT__BB__DELINQUENT_MONTH__max__mean
BB_CLIENT__BB__DELINQUENT_MONTH__max__max,f0172_BB_CLIENT__BB__DELINQUENT_MONTH__max__max
BB_CLIENT__BB__STATUS__0__SHARE__mean,f0173_BB_CLIENT__BB__STATUS__0__SHARE__mean
BB_CLIENT__BB__STATUS__0__SHARE__max,f0174_BB_CLIENT__BB__STATUS__0__SHARE__max
BB_CLIENT__BB__STATUS__1__SHARE__mean,f0175_BB_CLIENT__BB__STATUS__1__SHARE__mean
BB_CLIENT__BB__STATUS__1__SHARE__max,f0176_BB_CLIENT__BB__STATUS__1__SHARE__max
BB_CLIENT__BB__STATUS__2__SHARE__mean,f0177_BB_CLIENT__BB__STATUS__2__SHARE__mean
BB_CLIENT__BB__STATUS__2__SHARE__max,f0178_BB_CLIENT__BB__STATUS__2__SHARE__max
BB_CLIENT__BB__STATUS__3__SHARE__mean,f0179_BB_CLIENT__BB__STATUS__3__SHARE__mean
BB_CLIENT__BB__STATUS__3__SHARE__max,f0180_BB_CLIENT__BB__STATUS__3__SHARE__max
BB_CLIENT__BB__STATUS__4__SHARE__mean,f0181_BB_CLIENT__BB__STATUS__4__SHARE__mean
BB_CLIENT__BB__STATUS__4__SHARE__max,f0182_BB_CLIENT__BB__STATUS__4__SHARE__max
BB_CLIENT__BB__STATUS__5__SHARE__mean,f0183_BB_CLIENT__BB__STATUS__5__SHARE__mean
BB_CLIENT__BB__STATUS__5__SHARE__max,f0184_BB_CLIENT__BB__STATUS__5__SHARE__max
BB_CLIENT__BB__STATUS__C__SHARE__mean,f0185_BB_CLIENT__BB__STATUS__C__SHARE__mean
BB_CLIENT__BB__STATUS__C__SHARE__max,f0186_BB_CLIENT__BB__STATUS__C__SHARE__max
BB_CLIENT__BB__STATUS__X__SHARE__mean,f0187_BB_CLIENT__BB__STATUS__X__SHARE__mean
BB_CLIENT__BB__STATUS__X__SHARE__max,f0188_BB_CLIENT__BB__STATUS__X__SHARE__max
BB_CLIENT__BB_12M__N_ROWS__mean,f0189_BB_CLIENT__BB_12M__N_ROWS__mean
BB_CLIENT__BB_12M__N_ROWS__max,f0190_BB_CLIENT__BB_12M__N_ROWS__max
BB_CLIENT__BB_12M__MONTHS_BALANCE__min__mean,f0191_BB_CLIENT__BB_12M__MONTHS_BALANCE__min__mean
BB_CLIENT__BB_12M__MONTHS_BALANCE__min__max,f0192_BB_CLIENT__BB_12M__MONTHS_BALANCE__min__max
BB_CLIENT__BB_12M__MONTHS_BALANCE__max__mean,f0193_BB_CLIENT__BB_12M__MONTHS_BALANCE__max__mean
BB_CLIENT__BB_12M__MONTHS_BALANCE__max__max,f0194_BB_CLIENT__BB_12M__MONTHS_BALANCE__max__max
BB_CLIENT__BB_12M__DELINQUENT__mean__mean,f0195_BB_CLIENT__BB_12M__DELINQUENT__mean__mean
BB_CLIENT__BB_12M__DELINQUENT__mean__max,f0196_BB_CLIENT__BB_12M__DELINQUENT__mean__max
BB_CLIENT__BB_12M__DELINQUENT__max__mean,f0197_BB_CLIENT__BB_12M__DELINQUENT__max__mean
BB_CLIENT__BB_12M__DELINQUENT__max__max,f0198_BB_CLIENT__BB_12M__DELINQUENT__max__max
BB_CLIENT__BB_12M__DELINQUENT__sum__mean,f0199_BB_CLIENT__BB_12M__DELINQUENT__sum__mean
BB_CLIENT__BB_12M__DELINQUENT__sum__max,f0200_BB_CLIENT__BB_12M__DELINQUENT__sum__max
BB_CLIENT__BB_12M__SEVERITY__mean__mean,f0201_BB_CLIENT__BB_12M__SEVERITY__mean__mean
BB_CLIENT__BB_12M__SEVERITY__mean__max,f0202_BB_CLIENT__BB_12M__SEVERITY__mean__max
BB_CLIENT__BB_12M__SEVERITY__max__mean,f0203_BB_CLIENT__BB_12M__SEVERITY__max__mean
BB_CLIENT__BB_12M__SEVERITY__max__max,f0204_BB_CLIENT__BB_12M__SEVERITY__max__max
BB_CLIENT__BB_12M__DELINQUENT_MONTH__max__mean,f0205_BB_CLIENT__BB_12M__DELINQUENT_MONTH__max__mean
BB_CLIENT__BB_12M__DELINQUENT_MONTH__max__max,f0206_BB_CLIENT__BB_12M__DELINQUENT_MONTH__max__max
BB_CLIENT__BB_LAST_SEVERITY__mean,f0207_BB_CLIENT__BB_LAST_SEVERITY__mean
BB_CLIENT__BB_LAST_SEVERITY__max,f0208_BB_CLIENT__BB_LAST_SEVERITY__max
BB__HAS_HISTORY,f0209_BB__HAS_HISTORY
EXTRA_BB__N_ROWS,f0210_EXTRA_BB__N_ROWS
EXTRA_BB__EXTRA_BB_LOAN__N_ROWS__mean,f0211_EXTRA_BB__EXTRA_BB_LOAN__N_ROWS__mean
EXTRA_BB__EXTRA_BB_LOAN__N_ROWS__max,f0212_EXTRA_BB__EXTRA_BB_LOAN__N_ROWS__max
EXTRA_BB__EXTRA_BB_LOAN__BAD_RUN__max__mean,f0213_EXTRA_BB__EXTRA_BB_LOAN__BAD_RUN__max__mean
EXTRA_BB__EXTRA_BB_LOAN__BAD_RUN__max__max,f0214_EXTRA_BB__EXTRA_BB_LOAN__BAD_RUN__max__max
EXTRA_BB__EXTRA_BB_LOAN__BAD_MONTH__max__mean,f0215_EXTRA_BB__EXTRA_BB_LOAN__BAD_MONTH__max__mean
EXTRA_BB__EXTRA_BB_LOAN__BAD_MONTH__max__max,f0216_EXTRA_BB__EXTRA_BB_LOAN__BAD_MONTH__max__max
EXTRA_BB__EXTRA_BB_LOAN__KNOWN_STATUS__mean__mean,f0217_EXTRA_BB__EXTRA_BB_LOAN__KNOWN_STATUS__mean__mean
EXTRA_BB__EXTRA_BB_LOAN__KNOWN_STATUS__mean__max,f0218_EXTRA_BB__EXTRA_BB_LOAN__KNOWN_STATUS__mean__max
EXTRA_BB__HAS_HISTORY,f0219_EXTRA_BB__HAS_HISTORY
BUREAU__N_ROWS,f0220_BUREAU__N_ROWS
BUREAU__DAYS_CREDIT__mean,f0221_BUREAU__DAYS_CREDIT__mean
BUREAU__DAYS_CREDIT__min,f0222_BUREAU__DAYS_CREDIT__min
BUREAU__DAYS_CREDIT__max,f0223_BUREAU__DAYS_CREDIT__max
BUREAU__DAYS_CREDIT_ENDDATE__mean,f0224_BUREAU__DAYS_CREDIT_ENDDATE__mean
BUREAU__DAYS_CREDIT_ENDDATE__min,f0225_BUREAU__DAYS_CREDIT_ENDDATE__min
BUREAU__DAYS_CREDIT_ENDDATE__max,f0226_BUREAU__DAYS_CREDIT_ENDDATE__max
BUREAU__DAYS_ENDDATE_FACT__mean,f0227_BUREAU__DAYS_ENDDATE_FACT__mean
BUREAU__DAYS_ENDDATE_FACT__min,f0228_BUREAU__DAYS_ENDDATE_FACT__min
BUREAU__DAYS_ENDDATE_FACT__max,f0229_BUREAU__DAYS_ENDDATE_FACT__max
BUREAU__DAYS_CREDIT_UPDATE__mean,f0230_BUREAU__DAYS_CREDIT_UPDATE__mean
BUREAU__DAYS_CREDIT_UPDATE__min,f0231_BUREAU__DAYS_CREDIT_UPDATE__min
BUREAU__DAYS_CREDIT_UPDATE__max,f0232_BUREAU__DAYS_CREDIT_UPDATE__max
BUREAU__CREDIT_DAY_OVERDUE__mean,f0233_BUREAU__CREDIT_DAY_OVERDUE__mean
BUREAU__CREDIT_DAY_OVERDUE__min,f0234_BUREAU__CREDIT_DAY_OVERDUE__min
BUREAU__CREDIT_DAY_OVERDUE__max,f0235_BUREAU__CREDIT_DAY_OVERDUE__max
BUREAU__AMT_CREDIT_SUM__mean,f0236_BUREAU__AMT_CREDIT_SUM__mean
BUREAU__AMT_CREDIT_SUM__min,f0237_BUREAU__AMT_CREDIT_SUM__min
BUREAU__AMT_CREDIT_SUM__max,f0238_BUREAU__AMT_CREDIT_SUM__max
BUREAU__AMT_CREDIT_SUM__sum,f0239_BUREAU__AMT_CREDIT_SUM__sum
BUREAU__AMT_CREDIT_SUM_DEBT__mean,f0240_BUREAU__AMT_CREDIT_SUM_DEBT__mean
BUREAU__AMT_CREDIT_SUM_DEBT__min,f0241_BUREAU__AMT_CREDIT_SUM_DEBT__min
BUREAU__AMT_CREDIT_SUM_DEBT__max,f0242_BUREAU__AMT_CREDIT_SUM_DEBT__max
BUREAU__AMT_CREDIT_SUM_DEBT__sum,f0243_BUREAU__AMT_CREDIT_SUM_DEBT__sum
BUREAU__AMT_CREDIT_SUM_OVERDUE__mean,f0244_BUREAU__AMT_CREDIT_SUM_OVERDUE__mean
BUREAU__AMT_CREDIT_SUM_OVERDUE__min,f0245_BUREAU__AMT_CREDIT_SUM_OVERDUE__min
BUREAU__AMT_CREDIT_SUM_OVERDUE__max,f0246_BUREAU__AMT_CREDIT_SUM_OVERDUE__max
BUREAU__AMT_CREDIT_SUM_OVERDUE__sum,f0247_BUREAU__AMT_CREDIT_SUM_OVERDUE__sum
BUREAU__AMT_CREDIT_MAX_OVERDUE__mean,f0248_BUREAU__AMT_CREDIT_MAX_OVERDUE__mean
BUREAU__AMT_CREDIT_MAX_OVERDUE__min,f0249_BUREAU__AMT_CREDIT_MAX_OVERDUE__min
BUREAU__AMT_CREDIT_MAX_OVERDUE__max,f0250_BUREAU__AMT_CREDIT_MAX_OVERDUE__max
BUREAU__AMT_CREDIT_SUM_LIMIT__mean,f0251_BUREAU__AMT_CREDIT_SUM_LIMIT__mean
BUREAU__AMT_CREDIT_SUM_LIMIT__min,f0252_BUREAU__AMT_CREDIT_SUM_LIMIT__min
BUREAU__AMT_CREDIT_SUM_LIMIT__max,f0253_BUREAU__AMT_CREDIT_SUM_LIMIT__max
BUREAU__AMT_ANNUITY__mean,f0254_BUREAU__AMT_ANNUITY__mean
BUREAU__AMT_ANNUITY__min,f0255_BUREAU__AMT_ANNUITY__min
BUREAU__AMT_ANNUITY__max,f0256_BUREAU__AMT_ANNUITY__max
BUREAU__CNT_CREDIT_PROLONG__mean,f0257_BUREAU__CNT_CREDIT_PROLONG__mean
BUREAU__CNT_CREDIT_PROLONG__min,f0258_BUREAU__CNT_CREDIT_PROLONG__min
BUREAU__CNT_CREDIT_PROLONG__max,f0259_BUREAU__CNT_CREDIT_PROLONG__max
BUREAU__DEBT_RATIO__mean,f0260_BUREAU__DEBT_RATIO__mean
BUREAU__DEBT_RATIO__min,f0261_BUREAU__DEBT_RATIO__min
BUREAU__DEBT_RATIO__max,f0262_BUREAU__DEBT_RATIO__max
BUREAU__OVERDUE_RATIO__mean,f0263_BUREAU__OVERDUE_RATIO__mean
BUREAU__OVERDUE_RATIO__min,f0264_BUREAU__OVERDUE_RATIO__min
BUREAU__OVERDUE_RATIO__max,f0265_BUREAU__OVERDUE_RATIO__max
BUREAU__HAS_OVERDUE__mean,f0266_BUREAU__HAS_OVERDUE__mean
BUREAU__HAS_OVERDUE__min,f0267_BUREAU__HAS_OVERDUE__min
BUREAU__HAS_OVERDUE__max,f0268_BUREAU__HAS_OVERDUE__max
BUREAU__DURATION__mean,f0269_BUREAU__DURATION__mean
BUREAU__DURATION__min,f0270_BUREAU__DURATION__min
BUREAU__DURATION__max,f0271_BUREAU__DURATION__max
BUREAU__CREDIT_ACTIVE__Active__SHARE,f0272_BUREAU__CREDIT_ACTIVE__Active__SHARE
BUREAU__CREDIT_ACTIVE__Bad debt__SHARE,f0273_BUREAU__CREDIT_ACTIVE__Bad_debt__SHARE
BUREAU__CREDIT_ACTIVE__Closed__SHARE,f0274_BUREAU__CREDIT_ACTIVE__Closed__SHARE
BUREAU__CREDIT_ACTIVE__Sold__SHARE,f0275_BUREAU__CREDIT_ACTIVE__Sold__SHARE
BUREAU__CREDIT_TYPE__Another type of loan__SHARE,f0276_BUREAU__CREDIT_TYPE__Another_type_of_loan__SHARE
BUREAU__CREDIT_TYPE__Car loan__SHARE,f0277_BUREAU__CREDIT_TYPE__Car_loan__SHARE
BUREAU__CREDIT_TYPE__Cash loan (non-earmarked)__SHARE,f0278_BUREAU__CREDIT_TYPE__Cash_loan_non_earmarked___SHARE
BUREAU__CREDIT_TYPE__Consumer credit__SHARE,f0279_BUREAU__CREDIT_TYPE__Consumer_credit__SHARE
BUREAU__CREDIT_TYPE__Credit card__SHARE,f0280_BUREAU__CREDIT_TYPE__Credit_card__SHARE
BUREAU__CREDIT_TYPE__Interbank credit__SHARE,f0281_BUREAU__CREDIT_TYPE__Interbank_credit__SHARE
BUREAU__CREDIT_TYPE__Loan for business development__SHARE,f0282_BUREAU__CREDIT_TYPE__Loan_for_business_development__SHARE
BUREAU__CREDIT_TYPE__Loan for purchase of shares (margin lending)__SHARE,f0283_BUREAU__CREDIT_TYPE__Loan_for_purchase_of_shares_margin_lending___SHARE
BUREAU__CREDIT_TYPE__Loan for the purchase of equipment__SHARE,f0284_BUREAU__CREDIT_TYPE__Loan_for_the_purchase_of_equipment__SHARE
BUREAU__CREDIT_TYPE__Loan for working capital replenishment__SHARE,f0285_BUREAU__CREDIT_TYPE__Loan_for_working_capital_replenishment__SHARE
BUREAU__CREDIT_TYPE__Microloan__SHARE,f0286_BUREAU__CREDIT_TYPE__Microloan__SHARE
BUREAU__CREDIT_TYPE__Mobile operator loan__SHARE,f0287_BUREAU__CREDIT_TYPE__Mobile_operator_loan__SHARE
BUREAU__CREDIT_TYPE__Mortgage__SHARE,f0288_BUREAU__CREDIT_TYPE__Mortgage__SHARE
BUREAU__CREDIT_TYPE__Real estate loan__SHARE,f0289_BUREAU__CREDIT_TYPE__Real_estate_loan__SHARE
BUREAU__CREDIT_TYPE__Unknown type of loan__SHARE,f0290_BUREAU__CREDIT_TYPE__Unknown_type_of_loan__SHARE
BUREAU_ACTIVE__N_ROWS,f0291_BUREAU_ACTIVE__N_ROWS
BUREAU_ACTIVE__DAYS_CREDIT__mean,f0292_BUREAU_ACTIVE__DAYS_CREDIT__mean
BUREAU_ACTIVE__DAYS_CREDIT__min,f0293_BUREAU_ACTIVE__DAYS_CREDIT__min
BUREAU_ACTIVE__DAYS_CREDIT__max,f0294_BUREAU_ACTIVE__DAYS_CREDIT__max
BUREAU_ACTIVE__DAYS_CREDIT_ENDDATE__mean,f0295_BUREAU_ACTIVE__DAYS_CREDIT_ENDDATE__mean
BUREAU_ACTIVE__DAYS_CREDIT_ENDDATE__min,f0296_BUREAU_ACTIVE__DAYS_CREDIT_ENDDATE__min
BUREAU_ACTIVE__DAYS_CREDIT_ENDDATE__max,f0297_BUREAU_ACTIVE__DAYS_CREDIT_ENDDATE__max
BUREAU_ACTIVE__DAYS_ENDDATE_FACT__mean,f0298_BUREAU_ACTIVE__DAYS_ENDDATE_FACT__mean
BUREAU_ACTIVE__DAYS_ENDDATE_FACT__min,f0299_BUREAU_ACTIVE__DAYS_ENDDATE_FACT__min
BUREAU_ACTIVE__DAYS_ENDDATE_FACT__max,f0300_BUREAU_ACTIVE__DAYS_ENDDATE_FACT__max
BUREAU_ACTIVE__DAYS_CREDIT_UPDATE__mean,f0301_BUREAU_ACTIVE__DAYS_CREDIT_UPDATE__mean
BUREAU_ACTIVE__DAYS_CREDIT_UPDATE__min,f0302_BUREAU_ACTIVE__DAYS_CREDIT_UPDATE__min
BUREAU_ACTIVE__DAYS_CREDIT_UPDATE__max,f0303_BUREAU_ACTIVE__DAYS_CREDIT_UPDATE__max
BUREAU_ACTIVE__CREDIT_DAY_OVERDUE__mean,f0304_BUREAU_ACTIVE__CREDIT_DAY_OVERDUE__mean
BUREAU_ACTIVE__CREDIT_DAY_OVERDUE__min,f0305_BUREAU_ACTIVE__CREDIT_DAY_OVERDUE__min
BUREAU_ACTIVE__CREDIT_DAY_OVERDUE__max,f0306_BUREAU_ACTIVE__CREDIT_DAY_OVERDUE__max
BUREAU_ACTIVE__AMT_CREDIT_SUM__mean,f0307_BUREAU_ACTIVE__AMT_CREDIT_SUM__mean
BUREAU_ACTIVE__AMT_CREDIT_SUM__min,f0308_BUREAU_ACTIVE__AMT_CREDIT_SUM__min
BUREAU_ACTIVE__AMT_CREDIT_SUM__max,f0309_BUREAU_ACTIVE__AMT_CREDIT_SUM__max
BUREAU_ACTIVE__AMT_CREDIT_SUM__sum,f0310_BUREAU_ACTIVE__AMT_CREDIT_SUM__sum
BUREAU_ACTIVE__AMT_CREDIT_SUM_DEBT__mean,f0311_BUREAU_ACTIVE__AMT_CREDIT_SUM_DEBT__mean
BUREAU_ACTIVE__AMT_CREDIT_SUM_DEBT__min,f0312_BUREAU_ACTIVE__AMT_CREDIT_SUM_DEBT__min
BUREAU_ACTIVE__AMT_CREDIT_SUM_DEBT__max,f0313_BUREAU_ACTIVE__AMT_CREDIT_SUM_DEBT__max
BUREAU_ACTIVE__AMT_CREDIT_SUM_DEBT__sum,f0314_BUREAU_ACTIVE__AMT_CREDIT_SUM_DEBT__sum
BUREAU_ACTIVE__AMT_CREDIT_SUM_OVERDUE__mean,f0315_BUREAU_ACTIVE__AMT_CREDIT_SUM_OVERDUE__mean
BUREAU_ACTIVE__AMT_CREDIT_SUM_OVERDUE__min,f0316_BUREAU_ACTIVE__AMT_CREDIT_SUM_OVERDUE__min
BUREAU_ACTIVE__AMT_CREDIT_SUM_OVERDUE__max,f0317_BUREAU_ACTIVE__AMT_CREDIT_SUM_OVERDUE__max
BUREAU_ACTIVE__AMT_CREDIT_SUM_OVERDUE__sum,f0318_BUREAU_ACTIVE__AMT_CREDIT_SUM_OVERDUE__sum
BUREAU_ACTIVE__AMT_CREDIT_MAX_OVERDUE__mean,f0319_BUREAU_ACTIVE__AMT_CREDIT_MAX_OVERDUE__mean
BUREAU_ACTIVE__AMT_CREDIT_MAX_OVERDUE__min,f0320_BUREAU_ACTIVE__AMT_CREDIT_MAX_OVERDUE__min
BUREAU_ACTIVE__AMT_CREDIT_MAX_OVERDUE__max,f0321_BUREAU_ACTIVE__AMT_CREDIT_MAX_OVERDUE__max
BUREAU_ACTIVE__AMT_CREDIT_SUM_LIMIT__mean,f0322_BUREAU_ACTIVE__AMT_CREDIT_SUM_LIMIT__mean
BUREAU_ACTIVE__AMT_CREDIT_SUM_LIMIT__min,f0323_BUREAU_ACTIVE__AMT_CREDIT_SUM_LIMIT__min
BUREAU_ACTIVE__AMT_CREDIT_SUM_LIMIT__max,f0324_BUREAU_ACTIVE__AMT_CREDIT_SUM_LIMIT__max
BUREAU_ACTIVE__AMT_ANNUITY__mean,f0325_BUREAU_ACTIVE__AMT_ANNUITY__mean
BUREAU_ACTIVE__AMT_ANNUITY__min,f0326_BUREAU_ACTIVE__AMT_ANNUITY__min
BUREAU_ACTIVE__AMT_ANNUITY__max,f0327_BUREAU_ACTIVE__AMT_ANNUITY__max
BUREAU_ACTIVE__CNT_CREDIT_PROLONG__mean,f0328_BUREAU_ACTIVE__CNT_CREDIT_PROLONG__mean
BUREAU_ACTIVE__CNT_CREDIT_PROLONG__min,f0329_BUREAU_ACTIVE__CNT_CREDIT_PROLONG__min
BUREAU_ACTIVE__CNT_CREDIT_PROLONG__max,f0330_BUREAU_ACTIVE__CNT_CREDIT_PROLONG__max
BUREAU_ACTIVE__DEBT_RATIO__mean,f0331_BUREAU_ACTIVE__DEBT_RATIO__mean
BUREAU_ACTIVE__DEBT_RATIO__min,f0332_BUREAU_ACTIVE__DEBT_RATIO__min
BUREAU_ACTIVE__DEBT_RATIO__max,f0333_BUREAU_ACTIVE__DEBT_RATIO__max
BUREAU_ACTIVE__OVERDUE_RATIO__mean,f0334_BUREAU_ACTIVE__OVERDUE_RATIO__mean
BUREAU_ACTIVE__OVERDUE_RATIO__min,f0335_BUREAU_ACTIVE__OVERDUE_RATIO__min
BUREAU_ACTIVE__OVERDUE_RATIO__max,f0336_BUREAU_ACTIVE__OVERDUE_RATIO__max
BUREAU_ACTIVE__HAS_OVERDUE__mean,f0337_BUREAU_ACTIVE__HAS_OVERDUE__mean
BUREAU_ACTIVE__HAS_OVERDUE__min,f0338_BUREAU_ACTIVE__HAS_OVERDUE__min
BUREAU_ACTIVE__HAS_OVERDUE__max,f0339_BUREAU_ACTIVE__HAS_OVERDUE__max
BUREAU_ACTIVE__DURATION__mean,f0340_BUREAU_ACTIVE__DURATION__mean
BUREAU_ACTIVE__DURATION__min,f0341_BUREAU_ACTIVE__DURATION__min
BUREAU_ACTIVE__DURATION__max,f0342_BUREAU_ACTIVE__DURATION__max
BUREAU_RECENT_1Y__N_ROWS,f0343_BUREAU_RECENT_1Y__N_ROWS
BUREAU_RECENT_1Y__DAYS_CREDIT__mean,f0344_BUREAU_RECENT_1Y__DAYS_CREDIT__mean
BUREAU_RECENT_1Y__DAYS_CREDIT__min,f0345_BUREAU_RECENT_1Y__DAYS_CREDIT__min
BUREAU_RECENT_1Y__DAYS_CREDIT__max,f0346_BUREAU_RECENT_1Y__DAYS_CREDIT__max
BUREAU_RECENT_1Y__DAYS_CREDIT_ENDDATE__mean,f0347_BUREAU_RECENT_1Y__DAYS_CREDIT_ENDDATE__mean
BUREAU_RECENT_1Y__DAYS_CREDIT_ENDDATE__min,f0348_BUREAU_RECENT_1Y__DAYS_CREDIT_ENDDATE__min
BUREAU_RECENT_1Y__DAYS_CREDIT_ENDDATE__max,f0349_BUREAU_RECENT_1Y__DAYS_CREDIT_ENDDATE__max
BUREAU_RECENT_1Y__DAYS_ENDDATE_FACT__mean,f0350_BUREAU_RECENT_1Y__DAYS_ENDDATE_FACT__mean
BUREAU_RECENT_1Y__DAYS_ENDDATE_FACT__min,f0351_BUREAU_RECENT_1Y__DAYS_ENDDATE_FACT__min
BUREAU_RECENT_1Y__DAYS_ENDDATE_FACT__max,f0352_BUREAU_RECENT_1Y__DAYS_ENDDATE_FACT__max
BUREAU_RECENT_1Y__DAYS_CREDIT_UPDATE__mean,f0353_BUREAU_RECENT_1Y__DAYS_CREDIT_UPDATE__mean
BUREAU_RECENT_1Y__DAYS_CREDIT_UPDATE__min,f0354_BUREAU_RECENT_1Y__DAYS_CREDIT_UPDATE__min
BUREAU_RECENT_1Y__DAYS_CREDIT_UPDATE__max,f0355_BUREAU_RECENT_1Y__DAYS_CREDIT_UPDATE__max
BUREAU_RECENT_1Y__CREDIT_DAY_OVERDUE__mean,f0356_BUREAU_RECENT_1Y__CREDIT_DAY_OVERDUE__mean
BUREAU_RECENT_1Y__CREDIT_DAY_OVERDUE__min,f0357_BUREAU_RECENT_1Y__CREDIT_DAY_OVERDUE__min
BUREAU_RECENT_1Y__CREDIT_DAY_OVERDUE__max,f0358_BUREAU_RECENT_1Y__CREDIT_DAY_OVERDUE__max
BUREAU_RECENT_1Y__AMT_CREDIT_SUM__mean,f0359_BUREAU_RECENT_1Y__AMT_CREDIT_SUM__mean
BUREAU_RECENT_1Y__AMT_CREDIT_SUM__min,f0360_BUREAU_RECENT_1Y__AMT_CREDIT_SUM__min
BUREAU_RECENT_1Y__AMT_CREDIT_SUM__max,f0361_BUREAU_RECENT_1Y__AMT_CREDIT_SUM__max
BUREAU_RECENT_1Y__AMT_CREDIT_SUM__sum,f0362_BUREAU_RECENT_1Y__AMT_CREDIT_SUM__sum
BUREAU_RECENT_1Y__AMT_CREDIT_SUM_DEBT__mean,f0363_BUREAU_RECENT_1Y__AMT_CREDIT_SUM_DEBT__mean
BUREAU_RECENT_1Y__AMT_CREDIT_SUM_DEBT__min,f0364_BUREAU_RECENT_1Y__AMT_CREDIT_SUM_DEBT__min
BUREAU_RECENT_1Y__AMT_CREDIT_SUM_DEBT__max,f0365_BUREAU_RECENT_1Y__AMT_CREDIT_SUM_DEBT__max
BUREAU_RECENT_1Y__AMT_CREDIT_SUM_DEBT__sum,f0366_BUREAU_RECENT_1Y__AMT_CREDIT_SUM_DEBT__sum
BUREAU_RECENT_1Y__AMT_CREDIT_SUM_OVERDUE__mean,f0367_BUREAU_RECENT_1Y__AMT_CREDIT_SUM_OVERDUE__mean
BUREAU_RECENT_1Y__AMT_CREDIT_SUM_OVERDUE__min,f0368_BUREAU_RECENT_1Y__AMT_CREDIT_SUM_OVERDUE__min
BUREAU_RECENT_1Y__AMT_CREDIT_SUM_OVERDUE__max,f0369_BUREAU_RECENT_1Y__AMT_CREDIT_SUM_OVERDUE__max
BUREAU_RECENT_1Y__AMT_CREDIT_SUM_OVERDUE__sum,f0370_BUREAU_RECENT_1Y__AMT_CREDIT_SUM_OVERDUE__sum
BUREAU_RECENT_1Y__AMT_CREDIT_MAX_OVERDUE__mean,f0371_BUREAU_RECENT_1Y__AMT_CREDIT_MAX_OVERDUE__mean
BUREAU_RECENT_1Y__AMT_CREDIT_MAX_OVERDUE__min,f0372_BUREAU_RECENT_1Y__AMT_CREDIT_MAX_OVERDUE__min
BUREAU_RECENT_1Y__AMT_CREDIT_MAX_OVERDUE__max,f0373_BUREAU_RECENT_1Y__AMT_CREDIT_MAX_OVERDUE__max
BUREAU_RECENT_1Y__AMT_CREDIT_SUM_LIMIT__mean,f0374_BUREAU_RECENT_1Y__AMT_CREDIT_SUM_LIMIT__mean
BUREAU_RECENT_1Y__AMT_CREDIT_SUM_LIMIT__min,f0375_BUREAU_RECENT_1Y__AMT_CREDIT_SUM_LIMIT__min
BUREAU_RECENT_1Y__AMT_CREDIT_SUM_LIMIT__max,f0376_BUREAU_RECENT_1Y__AMT_CREDIT_SUM_LIMIT__max
BUREAU_RECENT_1Y__AMT_ANNUITY__mean,f0377_BUREAU_RECENT_1Y__AMT_ANNUITY__mean
BUREAU_RECENT_1Y__AMT_ANNUITY__min,f0378_BUREAU_RECENT_1Y__AMT_ANNUITY__min
BUREAU_RECENT_1Y__AMT_ANNUITY__max,f0379_BUREAU_RECENT_1Y__AMT_ANNUITY__max
BUREAU_RECENT_1Y__CNT_CREDIT_PROLONG__mean,f0380_BUREAU_RECENT_1Y__CNT_CREDIT_PROLONG__mean
BUREAU_RECENT_1Y__CNT_CREDIT_PROLONG__min,f0381_BUREAU_RECENT_1Y__CNT_CREDIT_PROLONG__min
BUREAU_RECENT_1Y__CNT_CREDIT_PROLONG__max,f0382_BUREAU_RECENT_1Y__CNT_CREDIT_PROLONG__max
BUREAU_RECENT_1Y__DEBT_RATIO__mean,f0383_BUREAU_RECENT_1Y__DEBT_RATIO__mean
BUREAU_RECENT_1Y__DEBT_RATIO__min,f0384_BUREAU_RECENT_1Y__DEBT_RATIO__min
BUREAU_RECENT_1Y__DEBT_RATIO__max,f0385_BUREAU_RECENT_1Y__DEBT_RATIO__max
BUREAU_RECENT_1Y__OVERDUE_RATIO__mean,f0386_BUREAU_RECENT_1Y__OVERDUE_RATIO__mean
BUREAU_RECENT_1Y__OVERDUE_RATIO__min,f0387_BUREAU_RECENT_1Y__OVERDUE_RATIO__min
BUREAU_RECENT_1Y__OVERDUE_RATIO__max,f0388_BUREAU_RECENT_1Y__OVERDUE_RATIO__max
BUREAU_RECENT_1Y__HAS_OVERDUE__mean,f0389_BUREAU_RECENT_1Y__HAS_OVERDUE__mean
BUREAU_RECENT_1Y__HAS_OVERDUE__min,f0390_BUREAU_RECENT_1Y__HAS_OVERDUE__min
BUREAU_RECENT_1Y__HAS_OVERDUE__max,f0391_BUREAU_RECENT_1Y__HAS_OVERDUE__max
BUREAU_RECENT_1Y__DURATION__mean,f0392_BUREAU_RECENT_1Y__DURATION__mean
BUREAU_RECENT_1Y__DURATION__min,f0393_BUREAU_RECENT_1Y__DURATION__min
BUREAU_RECENT_1Y__DURATION__max,f0394_BUREAU_RECENT_1Y__DURATION__max
BUREAU__TOTAL_DEBT_RATIO,f0395_BUREAU__TOTAL_DEBT_RATIO
BUREAU__HAS_HISTORY,f0396_BUREAU__HAS_HISTORY
EXTRA_BUREAU__N_ROWS,f0397_EXTRA_BUREAU__N_ROWS
EXTRA_BUREAU__OPENING_GAP__mean,f0398_EXTRA_BUREAU__OPENING_GAP__mean
EXTRA_BUREAU__OPENING_GAP__min,f0399_EXTRA_BUREAU__OPENING_GAP__min
EXTRA_BUREAU__OPENING_GAP__max,f0400_EXTRA_BUREAU__OPENING_GAP__max
EXTRA_BUREAU__ACTIVE__sum,f0401_EXTRA_BUREAU__ACTIVE__sum
EXTRA_BUREAU__ACTIVE__mean,f0402_EXTRA_BUREAU__ACTIVE__mean
EXTRA_BUREAU__ENDS_FUTURE__mean,f0403_EXTRA_BUREAU__ENDS_FUTURE__mean
EXTRA_BUREAU__HAS_HISTORY,f0404_EXTRA_BUREAU__HAS_HISTORY
PREV__N_ROWS,f0405_PREV__N_ROWS
PREV__AMT_ANNUITY__mean,f0406_PREV__AMT_ANNUITY__mean
PREV__AMT_ANNUITY__min,f0407_PREV__AMT_ANNUITY__min
PREV__AMT_ANNUITY__max,f0408_PREV__AMT_ANNUITY__max
PREV__AMT_APPLICATION__mean,f0409_PREV__AMT_APPLICATION__mean
PREV__AMT_APPLICATION__min,f0410_PREV__AMT_APPLICATION__min
PREV__AMT_APPLICATION__max,f0411_PREV__AMT_APPLICATION__max
PREV__AMT_CREDIT__mean,f0412_PREV__AMT_CREDIT__mean
PREV__AMT_CREDIT__min,f0413_PREV__AMT_CREDIT__min
PREV__AMT_CREDIT__max,f0414_PREV__AMT_CREDIT__max
PREV__AMT_DOWN_PAYMENT__mean,f0415_PREV__AMT_DOWN_PAYMENT__mean
PREV__AMT_DOWN_PAYMENT__min,f0416_PREV__AMT_DOWN_PAYMENT__min
PREV__AMT_DOWN_PAYMENT__max,f0417_PREV__AMT_DOWN_PAYMENT__max
PREV__AMT_GOODS_PRICE__mean,f0418_PREV__AMT_GOODS_PRICE__mean
PREV__AMT_GOODS_PRICE__min,f0419_PREV__AMT_GOODS_PRICE__min
PREV__AMT_GOODS_PRICE__max,f0420_PREV__AMT_GOODS_PRICE__max
PREV__HOUR_APPR_PROCESS_START__mean,f0421_PREV__HOUR_APPR_PROCESS_START__mean
PREV__HOUR_APPR_PROCESS_START__min,f0422_PREV__HOUR_APPR_PROCESS_START__min
PREV__HOUR_APPR_PROCESS_START__max,f0423_PREV__HOUR_APPR_PROCESS_START__max
PREV__RATE_DOWN_PAYMENT__mean,f0424_PREV__RATE_DOWN_PAYMENT__mean
PREV__RATE_DOWN_PAYMENT__min,f0425_PREV__RATE_DOWN_PAYMENT__min
PREV__RATE_DOWN_PAYMENT__max,f0426_PREV__RATE_DOWN_PAYMENT__max
PREV__DAYS_DECISION__mean,f0427_PREV__DAYS_DECISION__mean
PREV__DAYS_DECISION__min,f0428_PREV__DAYS_DECISION__min
PREV__DAYS_DECISION__max,f0429_PREV__DAYS_DECISION__max
PREV__CNT_PAYMENT__mean,f0430_PREV__CNT_PAYMENT__mean
PREV__CNT_PAYMENT__min,f0431_PREV__CNT_PAYMENT__min
PREV__CNT_PAYMENT__max,f0432_PREV__CNT_PAYMENT__max
PREV__APPLICATION_CREDIT_RATIO__mean,f0433_PREV__APPLICATION_CREDIT_RATIO__mean
PREV__APPLICATION_CREDIT_RATIO__min,f0434_PREV__APPLICATION_CREDIT_RATIO__min
PREV__APPLICATION_CREDIT_RATIO__max,f0435_PREV__APPLICATION_CREDIT_RATIO__max
PREV__ANNUITY_CREDIT_RATIO__mean,f0436_PREV__ANNUITY_CREDIT_RATIO__mean
PREV__ANNUITY_CREDIT_RATIO__min,f0437_PREV__ANNUITY_CREDIT_RATIO__min
PREV__ANNUITY_CREDIT_RATIO__max,f0438_PREV__ANNUITY_CREDIT_RATIO__max
PREV__DOWNPAYMENT_CREDIT_RATIO__mean,f0439_PREV__DOWNPAYMENT_CREDIT_RATIO__mean
PREV__DOWNPAYMENT_CREDIT_RATIO__min,f0440_PREV__DOWNPAYMENT_CREDIT_RATIO__min
PREV__DOWNPAYMENT_CREDIT_RATIO__max,f0441_PREV__DOWNPAYMENT_CREDIT_RATIO__max
PREV__DAYS_FIRST_DRAWING__mean,f0442_PREV__DAYS_FIRST_DRAWING__mean
PREV__DAYS_FIRST_DRAWING__min,f0443_PREV__DAYS_FIRST_DRAWING__min
PREV__DAYS_FIRST_DRAWING__max,f0444_PREV__DAYS_FIRST_DRAWING__max
PREV__DAYS_FIRST_DUE__mean,f0445_PREV__DAYS_FIRST_DUE__mean
PREV__DAYS_FIRST_DUE__min,f0446_PREV__DAYS_FIRST_DUE__min
PREV__DAYS_FIRST_DUE__max,f0447_PREV__DAYS_FIRST_DUE__max
PREV__DAYS_LAST_DUE_1ST_VERSION__mean,f0448_PREV__DAYS_LAST_DUE_1ST_VERSION__mean
PREV__DAYS_LAST_DUE_1ST_VERSION__min,f0449_PREV__DAYS_LAST_DUE_1ST_VERSION__min
PREV__DAYS_LAST_DUE_1ST_VERSION__max,f0450_PREV__DAYS_LAST_DUE_1ST_VERSION__max
PREV__DAYS_LAST_DUE__mean,f0451_PREV__DAYS_LAST_DUE__mean
PREV__DAYS_LAST_DUE__min,f0452_PREV__DAYS_LAST_DUE__min
PREV__DAYS_LAST_DUE__max,f0453_PREV__DAYS_LAST_DUE__max
PREV__DAYS_TERMINATION__mean,f0454_PREV__DAYS_TERMINATION__mean
PREV__DAYS_TERMINATION__min,f0455_PREV__DAYS_TERMINATION__min
PREV__DAYS_TERMINATION__max,f0456_PREV__DAYS_TERMINATION__max
PREV__DAYS_DECISION_SENTINEL__mean,f0457_PREV__DAYS_DECISION_SENTINEL__mean
PREV__DAYS_DECISION_SENTINEL__min,f0458_PREV__DAYS_DECISION_SENTINEL__min
PREV__DAYS_DECISION_SENTINEL__max,f0459_PREV__DAYS_DECISION_SENTINEL__max
PREV__DAYS_FIRST_DRAWING_SENTINEL__mean,f0460_PREV__DAYS_FIRST_DRAWING_SENTINEL__mean
PREV__DAYS_FIRST_DRAWING_SENTINEL__min,f0461_PREV__DAYS_FIRST_DRAWING_SENTINEL__min
PREV__DAYS_FIRST_DRAWING_SENTINEL__max,f0462_PREV__DAYS_FIRST_DRAWING_SENTINEL__max
PREV__DAYS_FIRST_DUE_SENTINEL__mean,f0463_PREV__DAYS_FIRST_DUE_SENTINEL__mean
PREV__DAYS_FIRST_DUE_SENTINEL__min,f0464_PREV__DAYS_FIRST_DUE_SENTINEL__min
PREV__DAYS_FIRST_DUE_SENTINEL__max,f0465_PREV__DAYS_FIRST_DUE_SENTINEL__max
PREV__DAYS_LAST_DUE_1ST_VERSION_SENTINEL__mean,f0466_PREV__DAYS_LAST_DUE_1ST_VERSION_SENTINEL__mean
PREV__DAYS_LAST_DUE_1ST_VERSION_SENTINEL__min,f0467_PREV__DAYS_LAST_DUE_1ST_VERSION_SENTINEL__min
PREV__DAYS_LAST_DUE_1ST_VERSION_SENTINEL__max,f0468_PREV__DAYS_LAST_DUE_1ST_VERSION_SENTINEL__max
PREV__DAYS_LAST_DUE_SENTINEL__mean,f0469_PREV__DAYS_LAST_DUE_SENTINEL__mean
PREV__DAYS_LAST_DUE_SENTINEL__min,f0470_PREV__DAYS_LAST_DUE_SENTINEL__min
PREV__DAYS_LAST_DUE_SENTINEL__max,f0471_PREV__DAYS_LAST_DUE_SENTINEL__max
PREV__DAYS_TERMINATION_SENTINEL__mean,f0472_PREV__DAYS_TERMINATION_SENTINEL__mean
PREV__DAYS_TERMINATION_SENTINEL__min,f0473_PREV__DAYS_TERMINATION_SENTINEL__min
PREV__DAYS_TERMINATION_SENTINEL__max,f0474_PREV__DAYS_TERMINATION_SENTINEL__max
PREV__NAME_CONTRACT_STATUS__Approved__SHARE,f0475_PREV__NAME_CONTRACT_STATUS__Approved__SHARE
PREV__NAME_CONTRACT_STATUS__Canceled__SHARE,f0476_PREV__NAME_CONTRACT_STATUS__Canceled__SHARE
PREV__NAME_CONTRACT_STATUS__Refused__SHARE,f0477_PREV__NAME_CONTRACT_STATUS__Refused__SHARE
PREV__NAME_CONTRACT_STATUS__Unused offer__SHARE,f0478_PREV__NAME_CONTRACT_STATUS__Unused_offer__SHARE
PREV__NAME_CONTRACT_TYPE__Cash loans__SHARE,f0479_PREV__NAME_CONTRACT_TYPE__Cash_loans__SHARE
PREV__NAME_CONTRACT_TYPE__Consumer loans__SHARE,f0480_PREV__NAME_CONTRACT_TYPE__Consumer_loans__SHARE
PREV__NAME_CONTRACT_TYPE__Revolving loans__SHARE,f0481_PREV__NAME_CONTRACT_TYPE__Revolving_loans__SHARE
PREV__NAME_CONTRACT_TYPE__XNA__SHARE,f0482_PREV__NAME_CONTRACT_TYPE__XNA__SHARE
PREV__NAME_CLIENT_TYPE__New__SHARE,f0483_PREV__NAME_CLIENT_TYPE__New__SHARE
PREV__NAME_CLIENT_TYPE__Refreshed__SHARE,f0484_PREV__NAME_CLIENT_TYPE__Refreshed__SHARE
PREV__NAME_CLIENT_TYPE__Repeater__SHARE,f0485_PREV__NAME_CLIENT_TYPE__Repeater__SHARE
PREV__NAME_CLIENT_TYPE__XNA__SHARE,f0486_PREV__NAME_CLIENT_TYPE__XNA__SHARE
PREV__NAME_YIELD_GROUP__XNA__SHARE,f0487_PREV__NAME_YIELD_GROUP__XNA__SHARE
PREV__NAME_YIELD_GROUP__high__SHARE,f0488_PREV__NAME_YIELD_GROUP__high__SHARE
PREV__NAME_YIELD_GROUP__low_action__SHARE,f0489_PREV__NAME_YIELD_GROUP__low_action__SHARE
PREV__NAME_YIELD_GROUP__low_normal__SHARE,f0490_PREV__NAME_YIELD_GROUP__low_normal__SHARE
PREV__NAME_YIELD_GROUP__middle__SHARE,f0491_PREV__NAME_YIELD_GROUP__middle__SHARE
PREV__CHANNEL_TYPE__AP+ (Cash loan)__SHARE,f0492_PREV__CHANNEL_TYPE__AP_Cash_loan___SHARE
PREV__CHANNEL_TYPE__Car dealer__SHARE,f0493_PREV__CHANNEL_TYPE__Car_dealer__SHARE
PREV__CHANNEL_TYPE__Channel of corporate sales__SHARE,f0494_PREV__CHANNEL_TYPE__Channel_of_corporate_sales__SHARE
PREV__CHANNEL_TYPE__Contact center__SHARE,f0495_PREV__CHANNEL_TYPE__Contact_center__SHARE
PREV__CHANNEL_TYPE__Country-wide__SHARE,f0496_PREV__CHANNEL_TYPE__Country_wide__SHARE
PREV__CHANNEL_TYPE__Credit and cash offices__SHARE,f0497_PREV__CHANNEL_TYPE__Credit_and_cash_offices__SHARE
PREV__CHANNEL_TYPE__Regional / Local__SHARE,f0498_PREV__CHANNEL_TYPE__Regional_Local__SHARE
PREV__CHANNEL_TYPE__Stone__SHARE,f0499_PREV__CHANNEL_TYPE__Stone__SHARE
PREV_APPROVED__N_ROWS,f0500_PREV_APPROVED__N_ROWS
PREV_APPROVED__AMT_ANNUITY__mean,f0501_PREV_APPROVED__AMT_ANNUITY__mean
PREV_APPROVED__AMT_ANNUITY__min,f0502_PREV_APPROVED__AMT_ANNUITY__min
PREV_APPROVED__AMT_ANNUITY__max,f0503_PREV_APPROVED__AMT_ANNUITY__max
PREV_APPROVED__AMT_APPLICATION__mean,f0504_PREV_APPROVED__AMT_APPLICATION__mean
PREV_APPROVED__AMT_APPLICATION__min,f0505_PREV_APPROVED__AMT_APPLICATION__min
PREV_APPROVED__AMT_APPLICATION__max,f0506_PREV_APPROVED__AMT_APPLICATION__max
PREV_APPROVED__AMT_CREDIT__mean,f0507_PREV_APPROVED__AMT_CREDIT__mean
PREV_APPROVED__AMT_CREDIT__min,f0508_PREV_APPROVED__AMT_CREDIT__min
PREV_APPROVED__AMT_CREDIT__max,f0509_PREV_APPROVED__AMT_CREDIT__max
PREV_APPROVED__AMT_DOWN_PAYMENT__mean,f0510_PREV_APPROVED__AMT_DOWN_PAYMENT__mean
PREV_APPROVED__AMT_DOWN_PAYMENT__min,f0511_PREV_APPROVED__AMT_DOWN_PAYMENT__min
PREV_APPROVED__AMT_DOWN_PAYMENT__max,f0512_PREV_APPROVED__AMT_DOWN_PAYMENT__max
PREV_APPROVED__AMT_GOODS_PRICE__mean,f0513_PREV_APPROVED__AMT_GOODS_PRICE__mean
PREV_APPROVED__AMT_GOODS_PRICE__min,f0514_PREV_APPROVED__AMT_GOODS_PRICE__min
PREV_APPROVED__AMT_GOODS_PRICE__max,f0515_PREV_APPROVED__AMT_GOODS_PRICE__max
PREV_APPROVED__HOUR_APPR_PROCESS_START__mean,f0516_PREV_APPROVED__HOUR_APPR_PROCESS_START__mean
PREV_APPROVED__HOUR_APPR_PROCESS_START__min,f0517_PREV_APPROVED__HOUR_APPR_PROCESS_START__min
PREV_APPROVED__HOUR_APPR_PROCESS_START__max,f0518_PREV_APPROVED__HOUR_APPR_PROCESS_START__max
PREV_APPROVED__RATE_DOWN_PAYMENT__mean,f0519_PREV_APPROVED__RATE_DOWN_PAYMENT__mean
PREV_APPROVED__RATE_DOWN_PAYMENT__min,f0520_PREV_APPROVED__RATE_DOWN_PAYMENT__min
PREV_APPROVED__RATE_DOWN_PAYMENT__max,f0521_PREV_APPROVED__RATE_DOWN_PAYMENT__max
PREV_APPROVED__DAYS_DECISION__mean,f0522_PREV_APPROVED__DAYS_DECISION__mean
PREV_APPROVED__DAYS_DECISION__min,f0523_PREV_APPROVED__DAYS_DECISION__min
PREV_APPROVED__DAYS_DECISION__max,f0524_PREV_APPROVED__DAYS_DECISION__max
PREV_APPROVED__CNT_PAYMENT__mean,f0525_PREV_APPROVED__CNT_PAYMENT__mean
PREV_APPROVED__CNT_PAYMENT__min,f0526_PREV_APPROVED__CNT_PAYMENT__min
PREV_APPROVED__CNT_PAYMENT__max,f0527_PREV_APPROVED__CNT_PAYMENT__max
PREV_APPROVED__APPLICATION_CREDIT_RATIO__mean,f0528_PREV_APPROVED__APPLICATION_CREDIT_RATIO__mean
PREV_APPROVED__APPLICATION_CREDIT_RATIO__min,f0529_PREV_APPROVED__APPLICATION_CREDIT_RATIO__min
PREV_APPROVED__APPLICATION_CREDIT_RATIO__max,f0530_PREV_APPROVED__APPLICATION_CREDIT_RATIO__max
PREV_APPROVED__ANNUITY_CREDIT_RATIO__mean,f0531_PREV_APPROVED__ANNUITY_CREDIT_RATIO__mean
PREV_APPROVED__ANNUITY_CREDIT_RATIO__min,f0532_PREV_APPROVED__ANNUITY_CREDIT_RATIO__min
PREV_APPROVED__ANNUITY_CREDIT_RATIO__max,f0533_PREV_APPROVED__ANNUITY_CREDIT_RATIO__max
PREV_APPROVED__DOWNPAYMENT_CREDIT_RATIO__mean,f0534_PREV_APPROVED__DOWNPAYMENT_CREDIT_RATIO__mean
PREV_APPROVED__DOWNPAYMENT_CREDIT_RATIO__min,f0535_PREV_APPROVED__DOWNPAYMENT_CREDIT_RATIO__min
PREV_APPROVED__DOWNPAYMENT_CREDIT_RATIO__max,f0536_PREV_APPROVED__DOWNPAYMENT_CREDIT_RATIO__max
PREV_APPROVED__DAYS_FIRST_DRAWING__mean,f0537_PREV_APPROVED__DAYS_FIRST_DRAWING__mean
PREV_APPROVED__DAYS_FIRST_DRAWING__min,f0538_PREV_APPROVED__DAYS_FIRST_DRAWING__min
PREV_APPROVED__DAYS_FIRST_DRAWING__max,f0539_PREV_APPROVED__DAYS_FIRST_DRAWING__max
PREV_APPROVED__DAYS_FIRST_DUE__mean,f0540_PREV_APPROVED__DAYS_FIRST_DUE__mean
PREV_APPROVED__DAYS_FIRST_DUE__min,f0541_PREV_APPROVED__DAYS_FIRST_DUE__min
PREV_APPROVED__DAYS_FIRST_DUE__max,f0542_PREV_APPROVED__DAYS_FIRST_DUE__max
PREV_APPROVED__DAYS_LAST_DUE_1ST_VERSION__mean,f0543_PREV_APPROVED__DAYS_LAST_DUE_1ST_VERSION__mean
PREV_APPROVED__DAYS_LAST_DUE_1ST_VERSION__min,f0544_PREV_APPROVED__DAYS_LAST_DUE_1ST_VERSION__min
PREV_APPROVED__DAYS_LAST_DUE_1ST_VERSION__max,f0545_PREV_APPROVED__DAYS_LAST_DUE_1ST_VERSION__max
PREV_APPROVED__DAYS_LAST_DUE__mean,f0546_PREV_APPROVED__DAYS_LAST_DUE__mean
PREV_APPROVED__DAYS_LAST_DUE__min,f0547_PREV_APPROVED__DAYS_LAST_DUE__min
PREV_APPROVED__DAYS_LAST_DUE__max,f0548_PREV_APPROVED__DAYS_LAST_DUE__max
PREV_APPROVED__DAYS_TERMINATION__mean,f0549_PREV_APPROVED__DAYS_TERMINATION__mean
PREV_APPROVED__DAYS_TERMINATION__min,f0550_PREV_APPROVED__DAYS_TERMINATION__min
PREV_APPROVED__DAYS_TERMINATION__max,f0551_PREV_APPROVED__DAYS_TERMINATION__max
PREV_APPROVED__DAYS_DECISION_SENTINEL__mean,f0552_PREV_APPROVED__DAYS_DECISION_SENTINEL__mean
PREV_APPROVED__DAYS_DECISION_SENTINEL__min,f0553_PREV_APPROVED__DAYS_DECISION_SENTINEL__min
PREV_APPROVED__DAYS_DECISION_SENTINEL__max,f0554_PREV_APPROVED__DAYS_DECISION_SENTINEL__max
PREV_APPROVED__DAYS_FIRST_DRAWING_SENTINEL__mean,f0555_PREV_APPROVED__DAYS_FIRST_DRAWING_SENTINEL__mean
PREV_APPROVED__DAYS_FIRST_DRAWING_SENTINEL__min,f0556_PREV_APPROVED__DAYS_FIRST_DRAWING_SENTINEL__min
PREV_APPROVED__DAYS_FIRST_DRAWING_SENTINEL__max,f0557_PREV_APPROVED__DAYS_FIRST_DRAWING_SENTINEL__max
PREV_APPROVED__DAYS_FIRST_DUE_SENTINEL__mean,f0558_PREV_APPROVED__DAYS_FIRST_DUE_SENTINEL__mean
PREV_APPROVED__DAYS_FIRST_DUE_SENTINEL__min,f0559_PREV_APPROVED__DAYS_FIRST_DUE_SENTINEL__min
PREV_APPROVED__DAYS_FIRST_DUE_SENTINEL__max,f0560_PREV_APPROVED__DAYS_FIRST_DUE_SENTINEL__max
PREV_APPROVED__DAYS_LAST_DUE_1ST_VERSION_SENTINEL__mean,f0561_PREV_APPROVED__DAYS_LAST_DUE_1ST_VERSION_SENTINEL__mean
PREV_APPROVED__DAYS_LAST_DUE_1ST_VERSION_SENTINEL__min,f0562_PREV_APPROVED__DAYS_LAST_DUE_1ST_VERSION_SENTINEL__min
PREV_APPROVED__DAYS_LAST_DUE_1ST_VERSION_SENTINEL__max,f0563_PREV_APPROVED__DAYS_LAST_DUE_1ST_VERSION_SENTINEL__max
PREV_APPROVED__DAYS_LAST_DUE_SENTINEL__mean,f0564_PREV_APPROVED__DAYS_LAST_DUE_SENTINEL__mean
PREV_APPROVED__DAYS_LAST_DUE_SENTINEL__min,f0565_PREV_APPROVED__DAYS_LAST_DUE_SENTINEL__min
PREV_APPROVED__DAYS_LAST_DUE_SENTINEL__max,f0566_PREV_APPROVED__DAYS_LAST_DUE_SENTINEL__max
PREV_APPROVED__DAYS_TERMINATION_SENTINEL__mean,f0567_PREV_APPROVED__DAYS_TERMINATION_SENTINEL__mean
PREV_APPROVED__DAYS_TERMINATION_SENTINEL__min,f0568_PREV_APPROVED__DAYS_TERMINATION_SENTINEL__min
PREV_APPROVED__DAYS_TERMINATION_SENTINEL__max,f0569_PREV_APPROVED__DAYS_TERMINATION_SENTINEL__max
PREV_REFUSED__N_ROWS,f0570_PREV_REFUSED__N_ROWS
PREV_REFUSED__AMT_ANNUITY__mean,f0571_PREV_REFUSED__AMT_ANNUITY__mean
PREV_REFUSED__AMT_ANNUITY__min,f0572_PREV_REFUSED__AMT_ANNUITY__min
PREV_REFUSED__AMT_ANNUITY__max,f0573_PREV_REFUSED__AMT_ANNUITY__max
PREV_REFUSED__AMT_APPLICATION__mean,f0574_PREV_REFUSED__AMT_APPLICATION__mean
PREV_REFUSED__AMT_APPLICATION__min,f0575_PREV_REFUSED__AMT_APPLICATION__min
PREV_REFUSED__AMT_APPLICATION__max,f0576_PREV_REFUSED__AMT_APPLICATION__max
PREV_REFUSED__AMT_CREDIT__mean,f0577_PREV_REFUSED__AMT_CREDIT__mean
PREV_REFUSED__AMT_CREDIT__min,f0578_PREV_REFUSED__AMT_CREDIT__min
PREV_REFUSED__AMT_CREDIT__max,f0579_PREV_REFUSED__AMT_CREDIT__max
PREV_REFUSED__AMT_DOWN_PAYMENT__mean,f0580_PREV_REFUSED__AMT_DOWN_PAYMENT__mean
PREV_REFUSED__AMT_DOWN_PAYMENT__min,f0581_PREV_REFUSED__AMT_DOWN_PAYMENT__min
PREV_REFUSED__AMT_DOWN_PAYMENT__max,f0582_PREV_REFUSED__AMT_DOWN_PAYMENT__max
PREV_REFUSED__AMT_GOODS_PRICE__mean,f0583_PREV_REFUSED__AMT_GOODS_PRICE__mean
PREV_REFUSED__AMT_GOODS_PRICE__min,f0584_PREV_REFUSED__AMT_GOODS_PRICE__min
PREV_REFUSED__AMT_GOODS_PRICE__max,f0585_PREV_REFUSED__AMT_GOODS_PRICE__max
PREV_REFUSED__HOUR_APPR_PROCESS_START__mean,f0586_PREV_REFUSED__HOUR_APPR_PROCESS_START__mean
PREV_REFUSED__HOUR_APPR_PROCESS_START__min,f0587_PREV_REFUSED__HOUR_APPR_PROCESS_START__min
PREV_REFUSED__HOUR_APPR_PROCESS_START__max,f0588_PREV_REFUSED__HOUR_APPR_PROCESS_START__max
PREV_REFUSED__RATE_DOWN_PAYMENT__mean,f0589_PREV_REFUSED__RATE_DOWN_PAYMENT__mean
PREV_REFUSED__RATE_DOWN_PAYMENT__min,f0590_PREV_REFUSED__RATE_DOWN_PAYMENT__min
PREV_REFUSED__RATE_DOWN_PAYMENT__max,f0591_PREV_REFUSED__RATE_DOWN_PAYMENT__max
PREV_REFUSED__DAYS_DECISION__mean,f0592_PREV_REFUSED__DAYS_DECISION__mean
PREV_REFUSED__DAYS_DECISION__min,f0593_PREV_REFUSED__DAYS_DECISION__min
PREV_REFUSED__DAYS_DECISION__max,f0594_PREV_REFUSED__DAYS_DECISION__max
PREV_REFUSED__CNT_PAYMENT__mean,f0595_PREV_REFUSED__CNT_PAYMENT__mean
PREV_REFUSED__CNT_PAYMENT__min,f0596_PREV_REFUSED__CNT_PAYMENT__min
PREV_REFUSED__CNT_PAYMENT__max,f0597_PREV_REFUSED__CNT_PAYMENT__max
PREV_REFUSED__APPLICATION_CREDIT_RATIO__mean,f0598_PREV_REFUSED__APPLICATION_CREDIT_RATIO__mean
PREV_REFUSED__APPLICATION_CREDIT_RATIO__min,f0599_PREV_REFUSED__APPLICATION_CREDIT_RATIO__min
PREV_REFUSED__APPLICATION_CREDIT_RATIO__max,f0600_PREV_REFUSED__APPLICATION_CREDIT_RATIO__max
PREV_REFUSED__ANNUITY_CREDIT_RATIO__mean,f0601_PREV_REFUSED__ANNUITY_CREDIT_RATIO__mean
PREV_REFUSED__ANNUITY_CREDIT_RATIO__min,f0602_PREV_REFUSED__ANNUITY_CREDIT_RATIO__min
PREV_REFUSED__ANNUITY_CREDIT_RATIO__max,f0603_PREV_REFUSED__ANNUITY_CREDIT_RATIO__max
PREV_REFUSED__DOWNPAYMENT_CREDIT_RATIO__mean,f0604_PREV_REFUSED__DOWNPAYMENT_CREDIT_RATIO__mean
PREV_REFUSED__DOWNPAYMENT_CREDIT_RATIO__min,f0605_PREV_REFUSED__DOWNPAYMENT_CREDIT_RATIO__min
PREV_REFUSED__DOWNPAYMENT_CREDIT_RATIO__max,f0606_PREV_REFUSED__DOWNPAYMENT_CREDIT_RATIO__max
PREV_REFUSED__DAYS_FIRST_DRAWING__mean,f0607_PREV_REFUSED__DAYS_FIRST_DRAWING__mean
PREV_REFUSED__DAYS_FIRST_DRAWING__min,f0608_PREV_REFUSED__DAYS_FIRST_DRAWING__min
PREV_REFUSED__DAYS_FIRST_DRAWING__max,f0609_PREV_REFUSED__DAYS_FIRST_DRAWING__max
PREV_REFUSED__DAYS_FIRST_DUE__mean,f0610_PREV_REFUSED__DAYS_FIRST_DUE__mean
PREV_REFUSED__DAYS_FIRST_DUE__min,f0611_PREV_REFUSED__DAYS_FIRST_DUE__min
PREV_REFUSED__DAYS_FIRST_DUE__max,f0612_PREV_REFUSED__DAYS_FIRST_DUE__max
PREV_REFUSED__DAYS_LAST_DUE_1ST_VERSION__mean,f0613_PREV_REFUSED__DAYS_LAST_DUE_1ST_VERSION__mean
PREV_REFUSED__DAYS_LAST_DUE_1ST_VERSION__min,f0614_PREV_REFUSED__DAYS_LAST_DUE_1ST_VERSION__min
PREV_REFUSED__DAYS_LAST_DUE_1ST_VERSION__max,f0615_PREV_REFUSED__DAYS_LAST_DUE_1ST_VERSION__max
PREV_REFUSED__DAYS_LAST_DUE__mean,f0616_PREV_REFUSED__DAYS_LAST_DUE__mean
PREV_REFUSED__DAYS_LAST_DUE__min,f0617_PREV_REFUSED__DAYS_LAST_DUE__min
PREV_REFUSED__DAYS_LAST_DUE__max,f0618_PREV_REFUSED__DAYS_LAST_DUE__max
PREV_REFUSED__DAYS_TERMINATION__mean,f0619_PREV_REFUSED__DAYS_TERMINATION__mean
PREV_REFUSED__DAYS_TERMINATION__min,f0620_PREV_REFUSED__DAYS_TERMINATION__min
PREV_REFUSED__DAYS_TERMINATION__max,f0621_PREV_REFUSED__DAYS_TERMINATION__max
PREV_REFUSED__DAYS_DECISION_SENTINEL__mean,f0622_PREV_REFUSED__DAYS_DECISION_SENTINEL__mean
PREV_REFUSED__DAYS_DECISION_SENTINEL__min,f0623_PREV_REFUSED__DAYS_DECISION_SENTINEL__min
PREV_REFUSED__DAYS_DECISION_SENTINEL__max,f0624_PREV_REFUSED__DAYS_DECISION_SENTINEL__max
PREV_REFUSED__DAYS_FIRST_DRAWING_SENTINEL__mean,f0625_PREV_REFUSED__DAYS_FIRST_DRAWING_SENTINEL__mean
PREV_REFUSED__DAYS_FIRST_DRAWING_SENTINEL__min,f0626_PREV_REFUSED__DAYS_FIRST_DRAWING_SENTINEL__min
PREV_REFUSED__DAYS_FIRST_DRAWING_SENTINEL__max,f0627_PREV_REFUSED__DAYS_FIRST_DRAWING_SENTINEL__max
PREV_REFUSED__DAYS_FIRST_DUE_SENTINEL__mean,f0628_PREV_REFUSED__DAYS_FIRST_DUE_SENTINEL__mean
PREV_REFUSED__DAYS_FIRST_DUE_SENTINEL__min,f0629_PREV_REFUSED__DAYS_FIRST_DUE_SENTINEL__min
PREV_REFUSED__DAYS_FIRST_DUE_SENTINEL__max,f0630_PREV_REFUSED__DAYS_FIRST_DUE_SENTINEL__max
PREV_REFUSED__DAYS_LAST_DUE_1ST_VERSION_SENTINEL__mean,f0631_PREV_REFUSED__DAYS_LAST_DUE_1ST_VERSION_SENTINEL__mean
PREV_REFUSED__DAYS_LAST_DUE_1ST_VERSION_SENTINEL__min,f0632_PREV_REFUSED__DAYS_LAST_DUE_1ST_VERSION_SENTINEL__min
PREV_REFUSED__DAYS_LAST_DUE_1ST_VERSION_SENTINEL__max,f0633_PREV_REFUSED__DAYS_LAST_DUE_1ST_VERSION_SENTINEL__max
PREV_REFUSED__DAYS_LAST_DUE_SENTINEL__mean,f0634_PREV_REFUSED__DAYS_LAST_DUE_SENTINEL__mean
PREV_REFUSED__DAYS_LAST_DUE_SENTINEL__min,f0635_PREV_REFUSED__DAYS_LAST_DUE_SENTINEL__min
PREV_REFUSED__DAYS_LAST_DUE_SENTINEL__max,f0636_PREV_REFUSED__DAYS_LAST_DUE_SENTINEL__max
PREV_REFUSED__DAYS_TERMINATION_SENTINEL__mean,f0637_PREV_REFUSED__DAYS_TERMINATION_SENTINEL__mean
PREV_REFUSED__DAYS_TERMINATION_SENTINEL__min,f0638_PREV_REFUSED__DAYS_TERMINATION_SENTINEL__min
PREV_REFUSED__DAYS_TERMINATION_SENTINEL__max,f0639_PREV_REFUSED__DAYS_TERMINATION_SENTINEL__max
PREV_RECENT_1Y__N_ROWS,f0640_PREV_RECENT_1Y__N_ROWS
PREV_RECENT_1Y__AMT_ANNUITY__mean,f0641_PREV_RECENT_1Y__AMT_ANNUITY__mean
PREV_RECENT_1Y__AMT_ANNUITY__min,f0642_PREV_RECENT_1Y__AMT_ANNUITY__min
PREV_RECENT_1Y__AMT_ANNUITY__max,f0643_PREV_RECENT_1Y__AMT_ANNUITY__max
PREV_RECENT_1Y__AMT_APPLICATION__mean,f0644_PREV_RECENT_1Y__AMT_APPLICATION__mean
PREV_RECENT_1Y__AMT_APPLICATION__min,f0645_PREV_RECENT_1Y__AMT_APPLICATION__min
PREV_RECENT_1Y__AMT_APPLICATION__max,f0646_PREV_RECENT_1Y__AMT_APPLICATION__max
PREV_RECENT_1Y__AMT_CREDIT__mean,f0647_PREV_RECENT_1Y__AMT_CREDIT__mean
PREV_RECENT_1Y__AMT_CREDIT__min,f0648_PREV_RECENT_1Y__AMT_CREDIT__min
PREV_RECENT_1Y__AMT_CREDIT__max,f0649_PREV_RECENT_1Y__AMT_CREDIT__max
PREV_RECENT_1Y__AMT_DOWN_PAYMENT__mean,f0650_PREV_RECENT_1Y__AMT_DOWN_PAYMENT__mean
PREV_RECENT_1Y__AMT_DOWN_PAYMENT__min,f0651_PREV_RECENT_1Y__AMT_DOWN_PAYMENT__min
PREV_RECENT_1Y__AMT_DOWN_PAYMENT__max,f0652_PREV_RECENT_1Y__AMT_DOWN_PAYMENT__max
PREV_RECENT_1Y__AMT_GOODS_PRICE__mean,f0653_PREV_RECENT_1Y__AMT_GOODS_PRICE__mean
PREV_RECENT_1Y__AMT_GOODS_PRICE__min,f0654_PREV_RECENT_1Y__AMT_GOODS_PRICE__min
PREV_RECENT_1Y__AMT_GOODS_PRICE__max,f0655_PREV_RECENT_1Y__AMT_GOODS_PRICE__max
PREV_RECENT_1Y__HOUR_APPR_PROCESS_START__mean,f0656_PREV_RECENT_1Y__HOUR_APPR_PROCESS_START__mean
PREV_RECENT_1Y__HOUR_APPR_PROCESS_START__min,f0657_PREV_RECENT_1Y__HOUR_APPR_PROCESS_START__min
PREV_RECENT_1Y__HOUR_APPR_PROCESS_START__max,f0658_PREV_RECENT_1Y__HOUR_APPR_PROCESS_START__max
PREV_RECENT_1Y__RATE_DOWN_PAYMENT__mean,f0659_PREV_RECENT_1Y__RATE_DOWN_PAYMENT__mean
PREV_RECENT_1Y__RATE_DOWN_PAYMENT__min,f0660_PREV_RECENT_1Y__RATE_DOWN_PAYMENT__min
PREV_RECENT_1Y__RATE_DOWN_PAYMENT__max,f0661_PREV_RECENT_1Y__RATE_DOWN_PAYMENT__max
PREV_RECENT_1Y__DAYS_DECISION__mean,f0662_PREV_RECENT_1Y__DAYS_DECISION__mean
PREV_RECENT_1Y__DAYS_DECISION__min,f0663_PREV_RECENT_1Y__DAYS_DECISION__min
PREV_RECENT_1Y__DAYS_DECISION__max,f0664_PREV_RECENT_1Y__DAYS_DECISION__max
PREV_RECENT_1Y__CNT_PAYMENT__mean,f0665_PREV_RECENT_1Y__CNT_PAYMENT__mean
PREV_RECENT_1Y__CNT_PAYMENT__min,f0666_PREV_RECENT_1Y__CNT_PAYMENT__min
PREV_RECENT_1Y__CNT_PAYMENT__max,f0667_PREV_RECENT_1Y__CNT_PAYMENT__max
PREV_RECENT_1Y__APPLICATION_CREDIT_RATIO__mean,f0668_PREV_RECENT_1Y__APPLICATION_CREDIT_RATIO__mean
PREV_RECENT_1Y__APPLICATION_CREDIT_RATIO__min,f0669_PREV_RECENT_1Y__APPLICATION_CREDIT_RATIO__min
PREV_RECENT_1Y__APPLICATION_CREDIT_RATIO__max,f0670_PREV_RECENT_1Y__APPLICATION_CREDIT_RATIO__max
PREV_RECENT_1Y__ANNUITY_CREDIT_RATIO__mean,f0671_PREV_RECENT_1Y__ANNUITY_CREDIT_RATIO__mean
PREV_RECENT_1Y__ANNUITY_CREDIT_RATIO__min,f0672_PREV_RECENT_1Y__ANNUITY_CREDIT_RATIO__min
PREV_RECENT_1Y__ANNUITY_CREDIT_RATIO__max,f0673_PREV_RECENT_1Y__ANNUITY_CREDIT_RATIO__max
PREV_RECENT_1Y__DOWNPAYMENT_CREDIT_RATIO__mean,f0674_PREV_RECENT_1Y__DOWNPAYMENT_CREDIT_RATIO__mean
PREV_RECENT_1Y__DOWNPAYMENT_CREDIT_RATIO__min,f0675_PREV_RECENT_1Y__DOWNPAYMENT_CREDIT_RATIO__min
PREV_RECENT_1Y__DOWNPAYMENT_CREDIT_RATIO__max,f0676_PREV_RECENT_1Y__DOWNPAYMENT_CREDIT_RATIO__max
PREV_RECENT_1Y__DAYS_FIRST_DRAWING__mean,f0677_PREV_RECENT_1Y__DAYS_FIRST_DRAWING__mean
PREV_RECENT_1Y__DAYS_FIRST_DRAWING__min,f0678_PREV_RECENT_1Y__DAYS_FIRST_DRAWING__min
PREV_RECENT_1Y__DAYS_FIRST_DRAWING__max,f0679_PREV_RECENT_1Y__DAYS_FIRST_DRAWING__max
PREV_RECENT_1Y__DAYS_FIRST_DUE__mean,f0680_PREV_RECENT_1Y__DAYS_FIRST_DUE__mean
PREV_RECENT_1Y__DAYS_FIRST_DUE__min,f0681_PREV_RECENT_1Y__DAYS_FIRST_DUE__min
PREV_RECENT_1Y__DAYS_FIRST_DUE__max,f0682_PREV_RECENT_1Y__DAYS_FIRST_DUE__max
PREV_RECENT_1Y__DAYS_LAST_DUE_1ST_VERSION__mean,f0683_PREV_RECENT_1Y__DAYS_LAST_DUE_1ST_VERSION__mean
PREV_RECENT_1Y__DAYS_LAST_DUE_1ST_VERSION__min,f0684_PREV_RECENT_1Y__DAYS_LAST_DUE_1ST_VERSION__min
PREV_RECENT_1Y__DAYS_LAST_DUE_1ST_VERSION__max,f0685_PREV_RECENT_1Y__DAYS_LAST_DUE_1ST_VERSION__max
PREV_RECENT_1Y__DAYS_LAST_DUE__mean,f0686_PREV_RECENT_1Y__DAYS_LAST_DUE__mean
PREV_RECENT_1Y__DAYS_LAST_DUE__min,f0687_PREV_RECENT_1Y__DAYS_LAST_DUE__min
PREV_RECENT_1Y__DAYS_LAST_DUE__max,f0688_PREV_RECENT_1Y__DAYS_LAST_DUE__max
PREV_RECENT_1Y__DAYS_TERMINATION__mean,f0689_PREV_RECENT_1Y__DAYS_TERMINATION__mean
PREV_RECENT_1Y__DAYS_TERMINATION__min,f0690_PREV_RECENT_1Y__DAYS_TERMINATION__min
PREV_RECENT_1Y__DAYS_TERMINATION__max,f0691_PREV_RECENT_1Y__DAYS_TERMINATION__max
PREV_RECENT_1Y__DAYS_DECISION_SENTINEL__mean,f0692_PREV_RECENT_1Y__DAYS_DECISION_SENTINEL__mean
PREV_RECENT_1Y__DAYS_DECISION_SENTINEL__min,f0693_PREV_RECENT_1Y__DAYS_DECISION_SENTINEL__min
PREV_RECENT_1Y__DAYS_DECISION_SENTINEL__max,f0694_PREV_RECENT_1Y__DAYS_DECISION_SENTINEL__max
PREV_RECENT_1Y__DAYS_FIRST_DRAWING_SENTINEL__mean,f0695_PREV_RECENT_1Y__DAYS_FIRST_DRAWING_SENTINEL__mean
PREV_RECENT_1Y__DAYS_FIRST_DRAWING_SENTINEL__min,f0696_PREV_RECENT_1Y__DAYS_FIRST_DRAWING_SENTINEL__min
PREV_RECENT_1Y__DAYS_FIRST_DRAWING_SENTINEL__max,f0697_PREV_RECENT_1Y__DAYS_FIRST_DRAWING_SENTINEL__max
PREV_RECENT_1Y__DAYS_FIRST_DUE_SENTINEL__mean,f0698_PREV_RECENT_1Y__DAYS_FIRST_DUE_SENTINEL__mean
PREV_RECENT_1Y__DAYS_FIRST_DUE_SENTINEL__min,f0699_PREV_RECENT_1Y__DAYS_FIRST_DUE_SENTINEL__min
PREV_RECENT_1Y__DAYS_FIRST_DUE_SENTINEL__max,f0700_PREV_RECENT_1Y__DAYS_FIRST_DUE_SENTINEL__max
PREV_RECENT_1Y__DAYS_LAST_DUE_1ST_VERSION_SENTINEL__mean,f0701_PREV_RECENT_1Y__DAYS_LAST_DUE_1ST_VERSION_SENTINEL__mean
PREV_RECENT_1Y__DAYS_LAST_DUE_1ST_VERSION_SENTINEL__min,f0702_PREV_RECENT_1Y__DAYS_LAST_DUE_1ST_VERSION_SENTINEL__min
PREV_RECENT_1Y__DAYS_LAST_DUE_1ST_VERSION_SENTINEL__max,f0703_PREV_RECENT_1Y__DAYS_LAST_DUE_1ST_VERSION_SENTINEL__max
PREV_RECENT_1Y__DAYS_LAST_DUE_SENTINEL__mean,f0704_PREV_RECENT_1Y__DAYS_LAST_DUE_SENTINEL__mean
PREV_RECENT_1Y__DAYS_LAST_DUE_SENTINEL__min,f0705_PREV_RECENT_1Y__DAYS_LAST_DUE_SENTINEL__min
PREV_RECENT_1Y__DAYS_LAST_DUE_SENTINEL__max,f0706_PREV_RECENT_1Y__DAYS_LAST_DUE_SENTINEL__max
PREV_RECENT_1Y__DAYS_TERMINATION_SENTINEL__mean,f0707_PREV_RECENT_1Y__DAYS_TERMINATION_SENTINEL__mean
PREV_RECENT_1Y__DAYS_TERMINATION_SENTINEL__min,f0708_PREV_RECENT_1Y__DAYS_TERMINATION_SENTINEL__min
PREV_RECENT_1Y__DAYS_TERMINATION_SENTINEL__max,f0709_PREV_RECENT_1Y__DAYS_TERMINATION_SENTINEL__max
PREV_LAST__NAME_CONTRACT_STATUS,f0710_PREV_LAST__NAME_CONTRACT_STATUS
PREV_LAST__AMT_CREDIT,f0711_PREV_LAST__AMT_CREDIT
PREV_LAST__DAYS_DECISION,f0712_PREV_LAST__DAYS_DECISION
PREV__HAS_HISTORY,f0713_PREV__HAS_HISTORY
EXTRA_PREV__N_ROWS,f0714_EXTRA_PREV__N_ROWS
EXTRA_PREV__REFUSED__mean,f0715_EXTRA_PREV__REFUSED__mean
EXTRA_PREV__APPROVED__mean,f0716_EXTRA_PREV__APPROVED__mean
EXTRA_PREV__DECISION_GAP__mean,f0717_EXTRA_PREV__DECISION_GAP__mean
EXTRA_PREV__DECISION_GAP__min,f0718_EXTRA_PREV__DECISION_GAP__min
EXTRA_PREV__REFUSED_DAY__max,f0719_EXTRA_PREV__REFUSED_DAY__max
EXTRA_PREV__AMT_CREDIT__mean,f0720_EXTRA_PREV__AMT_CREDIT__mean
EXTRA_PREV__AMT_ANNUITY__mean,f0721_EXTRA_PREV__AMT_ANNUITY__mean
EXTRA_PREV__CODE_REJECT_REASON__CLIENT__SHARE,f0722_EXTRA_PREV__CODE_REJECT_REASON__CLIENT__SHARE
EXTRA_PREV__CODE_REJECT_REASON__HC__SHARE,f0723_EXTRA_PREV__CODE_REJECT_REASON__HC__SHARE
EXTRA_PREV__CODE_REJECT_REASON__LIMIT__SHARE,f0724_EXTRA_PREV__CODE_REJECT_REASON__LIMIT__SHARE
EXTRA_PREV__CODE_REJECT_REASON__SCO__SHARE,f0725_EXTRA_PREV__CODE_REJECT_REASON__SCO__SHARE
EXTRA_PREV__CODE_REJECT_REASON__SCOFR__SHARE,f0726_EXTRA_PREV__CODE_REJECT_REASON__SCOFR__SHARE
EXTRA_PREV__CODE_REJECT_REASON__SYSTEM__SHARE,f0727_EXTRA_PREV__CODE_REJECT_REASON__SYSTEM__SHARE
EXTRA_PREV__CODE_REJECT_REASON__VERIF__SHARE,f0728_EXTRA_PREV__CODE_REJECT_REASON__VERIF__SHARE
EXTRA_PREV__CODE_REJECT_REASON__XAP__SHARE,f0729_EXTRA_PREV__CODE_REJECT_REASON__XAP__SHARE
EXTRA_PREV__CODE_REJECT_REASON__XNA__SHARE,f0730_EXTRA_PREV__CODE_REJECT_REASON__XNA__SHARE
EXTRA_PREV__NAME_PRODUCT_TYPE__XNA__SHARE,f0731_EXTRA_PREV__NAME_PRODUCT_TYPE__XNA__SHARE
EXTRA_PREV__NAME_PRODUCT_TYPE__walk-in__SHARE,f0732_EXTRA_PREV__NAME_PRODUCT_TYPE__walk_in__SHARE
EXTRA_PREV__NAME_PRODUCT_TYPE__x-sell__SHARE,f0733_EXTRA_PREV__NAME_PRODUCT_TYPE__x_sell__SHARE
EXTRA_PREV__PRODUCT_COMBINATION__Card Street__SHARE,f0734_EXTRA_PREV__PRODUCT_COMBINATION__Card_Street__SHARE
EXTRA_PREV__PRODUCT_COMBINATION__Card X-Sell__SHARE,f0735_EXTRA_PREV__PRODUCT_COMBINATION__Card_X_Sell__SHARE
EXTRA_PREV__PRODUCT_COMBINATION__Cash__SHARE,f0736_EXTRA_PREV__PRODUCT_COMBINATION__Cash__SHARE
EXTRA_PREV__PRODUCT_COMBINATION__Cash Street: high__SHARE,f0737_EXTRA_PREV__PRODUCT_COMBINATION__Cash_Street_high__SHARE
EXTRA_PREV__PRODUCT_COMBINATION__Cash Street: low__SHARE,f0738_EXTRA_PREV__PRODUCT_COMBINATION__Cash_Street_low__SHARE
EXTRA_PREV__PRODUCT_COMBINATION__Cash Street: middle__SHARE,f0739_EXTRA_PREV__PRODUCT_COMBINATION__Cash_Street_middle__SHARE
EXTRA_PREV__PRODUCT_COMBINATION__Cash X-Sell: high__SHARE,f0740_EXTRA_PREV__PRODUCT_COMBINATION__Cash_X_Sell_high__SHARE
EXTRA_PREV__PRODUCT_COMBINATION__Cash X-Sell: low__SHARE,f0741_EXTRA_PREV__PRODUCT_COMBINATION__Cash_X_Sell_low__SHARE
EXTRA_PREV__PRODUCT_COMBINATION__Cash X-Sell: middle__SHARE,f0742_EXTRA_PREV__PRODUCT_COMBINATION__Cash_X_Sell_middle__SHARE
EXTRA_PREV__PRODUCT_COMBINATION__POS household with interest__SHARE,f0743_EXTRA_PREV__PRODUCT_COMBINATION__POS_household_with_interest__SHARE
EXTRA_PREV__PRODUCT_COMBINATION__POS household without interest__SHARE,f0744_EXTRA_PREV__PRODUCT_COMBINATION__POS_household_without_interest__SHARE
EXTRA_PREV__PRODUCT_COMBINATION__POS industry with interest__SHARE,f0745_EXTRA_PREV__PRODUCT_COMBINATION__POS_industry_with_interest__SHARE
EXTRA_PREV__PRODUCT_COMBINATION__POS industry without interest__SHARE,f0746_EXTRA_PREV__PRODUCT_COMBINATION__POS_industry_without_interest__SHARE
EXTRA_PREV__PRODUCT_COMBINATION__POS mobile with interest__SHARE,f0747_EXTRA_PREV__PRODUCT_COMBINATION__POS_mobile_with_interest__SHARE
EXTRA_PREV__PRODUCT_COMBINATION__POS mobile without interest__SHARE,f0748_EXTRA_PREV__PRODUCT_COMBINATION__POS_mobile_without_interest__SHARE
EXTRA_PREV__PRODUCT_COMBINATION__POS other with interest__SHARE,f0749_EXTRA_PREV__PRODUCT_COMBINATION__POS_other_with_interest__SHARE
EXTRA_PREV__PRODUCT_COMBINATION__POS others without interest__SHARE,f0750_EXTRA_PREV__PRODUCT_COMBINATION__POS_others_without_interest__SHARE
EXTRA_PREV__PRODUCT_COMBINATION____MISSING____SHARE,f0751_EXTRA_PREV__PRODUCT_COMBINATION____MISSING____SHARE
EXTRA_PREV_LAST3__N_ROWS,f0752_EXTRA_PREV_LAST3__N_ROWS
EXTRA_PREV_LAST3__REFUSED__mean,f0753_EXTRA_PREV_LAST3__REFUSED__mean
EXTRA_PREV_LAST3__APPROVED__mean,f0754_EXTRA_PREV_LAST3__APPROVED__mean
EXTRA_PREV_LAST3__DECISION_GAP__mean,f0755_EXTRA_PREV_LAST3__DECISION_GAP__mean
EXTRA_PREV_LAST3__DECISION_GAP__min,f0756_EXTRA_PREV_LAST3__DECISION_GAP__min
EXTRA_PREV_LAST3__REFUSED_DAY__max,f0757_EXTRA_PREV_LAST3__REFUSED_DAY__max
EXTRA_PREV_LAST3__AMT_CREDIT__mean,f0758_EXTRA_PREV_LAST3__AMT_CREDIT__mean
EXTRA_PREV_LAST3__AMT_ANNUITY__mean,f0759_EXTRA_PREV_LAST3__AMT_ANNUITY__mean
EXTRA_PREV_LAST5__N_ROWS,f0760_EXTRA_PREV_LAST5__N_ROWS
EXTRA_PREV_LAST5__REFUSED__mean,f0761_EXTRA_PREV_LAST5__REFUSED__mean
EXTRA_PREV_LAST5__APPROVED__mean,f0762_EXTRA_PREV_LAST5__APPROVED__mean
EXTRA_PREV_LAST5__DECISION_GAP__mean,f0763_EXTRA_PREV_LAST5__DECISION_GAP__mean
EXTRA_PREV_LAST5__DECISION_GAP__min,f0764_EXTRA_PREV_LAST5__DECISION_GAP__min
EXTRA_PREV_LAST5__REFUSED_DAY__max,f0765_EXTRA_PREV_LAST5__REFUSED_DAY__max
EXTRA_PREV_LAST5__AMT_CREDIT__mean,f0766_EXTRA_PREV_LAST5__AMT_CREDIT__mean
EXTRA_PREV_LAST5__AMT_ANNUITY__mean,f0767_EXTRA_PREV_LAST5__AMT_ANNUITY__mean
EXTRA_PREV__HAS_HISTORY,f0768_EXTRA_PREV__HAS_HISTORY
POS_ROW__N_ROWS,f0769_POS_ROW__N_ROWS
POS_ROW__SK_DPD__mean,f0770_POS_ROW__SK_DPD__mean
POS_ROW__SK_DPD__max,f0771_POS_ROW__SK_DPD__max
POS_ROW__SK_DPD_DEF__mean,f0772_POS_ROW__SK_DPD_DEF__mean
POS_ROW__SK_DPD_DEF__max,f0773_POS_ROW__SK_DPD_DEF__max
POS_ROW__HAS_DPD__mean,f0774_POS_ROW__HAS_DPD__mean
POS_ROW__HAS_DPD__max,f0775_POS_ROW__HAS_DPD__max
POS_ROW__CNT_INSTALMENT__mean,f0776_POS_ROW__CNT_INSTALMENT__mean
POS_ROW__CNT_INSTALMENT__max,f0777_POS_ROW__CNT_INSTALMENT__max
POS_ROW__CNT_INSTALMENT_FUTURE__mean,f0778_POS_ROW__CNT_INSTALMENT_FUTURE__mean
POS_ROW__CNT_INSTALMENT_FUTURE__max,f0779_POS_ROW__CNT_INSTALMENT_FUTURE__max
POS_ROW__REMAINING_SHARE__mean,f0780_POS_ROW__REMAINING_SHARE__mean
POS_ROW__REMAINING_SHARE__max,f0781_POS_ROW__REMAINING_SHARE__max
POS_ROW__MONTHS_BALANCE__min,f0782_POS_ROW__MONTHS_BALANCE__min
POS_ROW__MONTHS_BALANCE__max,f0783_POS_ROW__MONTHS_BALANCE__max
POS_ROW__NAME_CONTRACT_STATUS__Active__SHARE,f0784_POS_ROW__NAME_CONTRACT_STATUS__Active__SHARE
POS_ROW__NAME_CONTRACT_STATUS__Amortized debt__SHARE,f0785_POS_ROW__NAME_CONTRACT_STATUS__Amortized_debt__SHARE
POS_ROW__NAME_CONTRACT_STATUS__Approved__SHARE,f0786_POS_ROW__NAME_CONTRACT_STATUS__Approved__SHARE
POS_ROW__NAME_CONTRACT_STATUS__Canceled__SHARE,f0787_POS_ROW__NAME_CONTRACT_STATUS__Canceled__SHARE
POS_ROW__NAME_CONTRACT_STATUS__Completed__SHARE,f0788_POS_ROW__NAME_CONTRACT_STATUS__Completed__SHARE
POS_ROW__NAME_CONTRACT_STATUS__Demand__SHARE,f0789_POS_ROW__NAME_CONTRACT_STATUS__Demand__SHARE
POS_ROW__NAME_CONTRACT_STATUS__Returned to the store__SHARE,f0790_POS_ROW__NAME_CONTRACT_STATUS__Returned_to_the_store__SHARE
POS_ROW__NAME_CONTRACT_STATUS__Signed__SHARE,f0791_POS_ROW__NAME_CONTRACT_STATUS__Signed__SHARE
POS_ROW__NAME_CONTRACT_STATUS__XNA__SHARE,f0792_POS_ROW__NAME_CONTRACT_STATUS__XNA__SHARE
POS_6M__N_ROWS,f0793_POS_6M__N_ROWS
POS_6M__SK_DPD__mean,f0794_POS_6M__SK_DPD__mean
POS_6M__SK_DPD__max,f0795_POS_6M__SK_DPD__max
POS_6M__SK_DPD_DEF__mean,f0796_POS_6M__SK_DPD_DEF__mean
POS_6M__SK_DPD_DEF__max,f0797_POS_6M__SK_DPD_DEF__max
POS_6M__HAS_DPD__mean,f0798_POS_6M__HAS_DPD__mean
POS_6M__HAS_DPD__max,f0799_POS_6M__HAS_DPD__max
POS_6M__CNT_INSTALMENT__mean,f0800_POS_6M__CNT_INSTALMENT__mean
POS_6M__CNT_INSTALMENT__max,f0801_POS_6M__CNT_INSTALMENT__max
POS_6M__CNT_INSTALMENT_FUTURE__mean,f0802_POS_6M__CNT_INSTALMENT_FUTURE__mean
POS_6M__CNT_INSTALMENT_FUTURE__max,f0803_POS_6M__CNT_INSTALMENT_FUTURE__max
POS_6M__REMAINING_SHARE__mean,f0804_POS_6M__REMAINING_SHARE__mean
POS_6M__REMAINING_SHARE__max,f0805_POS_6M__REMAINING_SHARE__max
POS_6M__MONTHS_BALANCE__min,f0806_POS_6M__MONTHS_BALANCE__min
POS_6M__MONTHS_BALANCE__max,f0807_POS_6M__MONTHS_BALANCE__max
POS_12M__N_ROWS,f0808_POS_12M__N_ROWS
POS_12M__SK_DPD__mean,f0809_POS_12M__SK_DPD__mean
POS_12M__SK_DPD__max,f0810_POS_12M__SK_DPD__max
POS_12M__SK_DPD_DEF__mean,f0811_POS_12M__SK_DPD_DEF__mean
POS_12M__SK_DPD_DEF__max,f0812_POS_12M__SK_DPD_DEF__max
POS_12M__HAS_DPD__mean,f0813_POS_12M__HAS_DPD__mean
POS_12M__HAS_DPD__max,f0814_POS_12M__HAS_DPD__max
POS_12M__CNT_INSTALMENT__mean,f0815_POS_12M__CNT_INSTALMENT__mean
POS_12M__CNT_INSTALMENT__max,f0816_POS_12M__CNT_INSTALMENT__max
POS_12M__CNT_INSTALMENT_FUTURE__mean,f0817_POS_12M__CNT_INSTALMENT_FUTURE__mean
POS_12M__CNT_INSTALMENT_FUTURE__max,f0818_POS_12M__CNT_INSTALMENT_FUTURE__max
POS_12M__REMAINING_SHARE__mean,f0819_POS_12M__REMAINING_SHARE__mean
POS_12M__REMAINING_SHARE__max,f0820_POS_12M__REMAINING_SHARE__max
POS_12M__MONTHS_BALANCE__min,f0821_POS_12M__MONTHS_BALANCE__min
POS_12M__MONTHS_BALANCE__max,f0822_POS_12M__MONTHS_BALANCE__max
POS_CLIENT__N_ROWS,f0823_POS_CLIENT__N_ROWS
POS_CLIENT__POS_LOAN__N_ROWS__mean,f0824_POS_CLIENT__POS_LOAN__N_ROWS__mean
POS_CLIENT__POS_LOAN__N_ROWS__max,f0825_POS_CLIENT__POS_LOAN__N_ROWS__max
POS_CLIENT__POS_LOAN__SK_DPD__mean__mean,f0826_POS_CLIENT__POS_LOAN__SK_DPD__mean__mean
POS_CLIENT__POS_LOAN__SK_DPD__mean__max,f0827_POS_CLIENT__POS_LOAN__SK_DPD__mean__max
POS_CLIENT__POS_LOAN__SK_DPD__max__mean,f0828_POS_CLIENT__POS_LOAN__SK_DPD__max__mean
POS_CLIENT__POS_LOAN__SK_DPD__max__max,f0829_POS_CLIENT__POS_LOAN__SK_DPD__max__max
POS_CLIENT__POS_LOAN__SK_DPD_DEF__mean__mean,f0830_POS_CLIENT__POS_LOAN__SK_DPD_DEF__mean__mean
POS_CLIENT__POS_LOAN__SK_DPD_DEF__mean__max,f0831_POS_CLIENT__POS_LOAN__SK_DPD_DEF__mean__max
POS_CLIENT__POS_LOAN__SK_DPD_DEF__max__mean,f0832_POS_CLIENT__POS_LOAN__SK_DPD_DEF__max__mean
POS_CLIENT__POS_LOAN__SK_DPD_DEF__max__max,f0833_POS_CLIENT__POS_LOAN__SK_DPD_DEF__max__max
POS_CLIENT__POS_LOAN__HAS_DPD__mean__mean,f0834_POS_CLIENT__POS_LOAN__HAS_DPD__mean__mean
POS_CLIENT__POS_LOAN__HAS_DPD__mean__max,f0835_POS_CLIENT__POS_LOAN__HAS_DPD__mean__max
POS_CLIENT__POS_LOAN__HAS_DPD__max__mean,f0836_POS_CLIENT__POS_LOAN__HAS_DPD__max__mean
POS_CLIENT__POS_LOAN__HAS_DPD__max__max,f0837_POS_CLIENT__POS_LOAN__HAS_DPD__max__max
POS_CLIENT__POS_LOAN__CNT_INSTALMENT__mean__mean,f0838_POS_CLIENT__POS_LOAN__CNT_INSTALMENT__mean__mean
POS_CLIENT__POS_LOAN__CNT_INSTALMENT__mean__max,f0839_POS_CLIENT__POS_LOAN__CNT_INSTALMENT__mean__max
POS_CLIENT__POS_LOAN__CNT_INSTALMENT__max__mean,f0840_POS_CLIENT__POS_LOAN__CNT_INSTALMENT__max__mean
POS_CLIENT__POS_LOAN__CNT_INSTALMENT__max__max,f0841_POS_CLIENT__POS_LOAN__CNT_INSTALMENT__max__max
POS_CLIENT__POS_LOAN__CNT_INSTALMENT_FUTURE__mean__mean,f0842_POS_CLIENT__POS_LOAN__CNT_INSTALMENT_FUTURE__mean__mean
POS_CLIENT__POS_LOAN__CNT_INSTALMENT_FUTURE__mean__max,f0843_POS_CLIENT__POS_LOAN__CNT_INSTALMENT_FUTURE__mean__max
POS_CLIENT__POS_LOAN__CNT_INSTALMENT_FUTURE__max__mean,f0844_POS_CLIENT__POS_LOAN__CNT_INSTALMENT_FUTURE__max__mean
POS_CLIENT__POS_LOAN__CNT_INSTALMENT_FUTURE__max__max,f0845_POS_CLIENT__POS_LOAN__CNT_INSTALMENT_FUTURE__max__max
POS_CLIENT__POS_LOAN__REMAINING_SHARE__mean__mean,f0846_POS_CLIENT__POS_LOAN__REMAINING_SHARE__mean__mean
POS_CLIENT__POS_LOAN__REMAINING_SHARE__mean__max,f0847_POS_CLIENT__POS_LOAN__REMAINING_SHARE__mean__max
POS_CLIENT__POS_LOAN__REMAINING_SHARE__max__mean,f0848_POS_CLIENT__POS_LOAN__REMAINING_SHARE__max__mean
POS_CLIENT__POS_LOAN__REMAINING_SHARE__max__max,f0849_POS_CLIENT__POS_LOAN__REMAINING_SHARE__max__max
POS_CLIENT__POS_LOAN__MONTHS_BALANCE__min__mean,f0850_POS_CLIENT__POS_LOAN__MONTHS_BALANCE__min__mean
POS_CLIENT__POS_LOAN__MONTHS_BALANCE__min__max,f0851_POS_CLIENT__POS_LOAN__MONTHS_BALANCE__min__max
POS_CLIENT__POS_LOAN__MONTHS_BALANCE__max__mean,f0852_POS_CLIENT__POS_LOAN__MONTHS_BALANCE__max__mean
POS_CLIENT__POS_LOAN__MONTHS_BALANCE__max__max,f0853_POS_CLIENT__POS_LOAN__MONTHS_BALANCE__max__max
POS_LAST__N_ROWS,f0854_POS_LAST__N_ROWS
POS_LAST__SK_DPD__mean,f0855_POS_LAST__SK_DPD__mean
POS_LAST__SK_DPD__max,f0856_POS_LAST__SK_DPD__max
POS_LAST__SK_DPD_DEF__mean,f0857_POS_LAST__SK_DPD_DEF__mean
POS_LAST__SK_DPD_DEF__max,f0858_POS_LAST__SK_DPD_DEF__max
POS_LAST__HAS_DPD__mean,f0859_POS_LAST__HAS_DPD__mean
POS_LAST__HAS_DPD__max,f0860_POS_LAST__HAS_DPD__max
POS_LAST__CNT_INSTALMENT__mean,f0861_POS_LAST__CNT_INSTALMENT__mean
POS_LAST__CNT_INSTALMENT__max,f0862_POS_LAST__CNT_INSTALMENT__max
POS_LAST__CNT_INSTALMENT_FUTURE__mean,f0863_POS_LAST__CNT_INSTALMENT_FUTURE__mean
POS_LAST__CNT_INSTALMENT_FUTURE__max,f0864_POS_LAST__CNT_INSTALMENT_FUTURE__max
POS_LAST__REMAINING_SHARE__mean,f0865_POS_LAST__REMAINING_SHARE__mean
POS_LAST__REMAINING_SHARE__max,f0866_POS_LAST__REMAINING_SHARE__max
POS_LAST__MONTHS_BALANCE__min,f0867_POS_LAST__MONTHS_BALANCE__min
POS_LAST__MONTHS_BALANCE__max,f0868_POS_LAST__MONTHS_BALANCE__max
POS__HAS_HISTORY,f0869_POS__HAS_HISTORY
EXTRA_POS_TREND__N_ROWS,f0870_EXTRA_POS_TREND__N_ROWS
EXTRA_POS_TREND__SK_DPD__SLOPE__mean,f0871_EXTRA_POS_TREND__SK_DPD__SLOPE__mean
EXTRA_POS_TREND__SK_DPD__SLOPE__max,f0872_EXTRA_POS_TREND__SK_DPD__SLOPE__max
EXTRA_POS_TREND__REMAINING_SHARE__SLOPE__mean,f0873_EXTRA_POS_TREND__REMAINING_SHARE__SLOPE__mean
EXTRA_POS_TREND__REMAINING_SHARE__SLOPE__max,f0874_EXTRA_POS_TREND__REMAINING_SHARE__SLOPE__max
EXTRA_POS__SK_DPD__RECENT_MINUS_PREVIOUS,f0875_EXTRA_POS__SK_DPD__RECENT_MINUS_PREVIOUS
EXTRA_POS__REMAINING_SHARE__RECENT_MINUS_PREVIOUS,f0876_EXTRA_POS__REMAINING_SHARE__RECENT_MINUS_PREVIOUS
EXTRA_POS__MONTHS_SINCE_DPD,f0877_EXTRA_POS__MONTHS_SINCE_DPD
EXTRA_POS__HAS_HISTORY,f0878_EXTRA_POS__HAS_HISTORY
CC_ROW__N_ROWS,f0879_CC_ROW__N_ROWS
CC_ROW__AMT_BALANCE__mean,f0880_CC_ROW__AMT_BALANCE__mean
CC_ROW__AMT_BALANCE__max,f0881_CC_ROW__AMT_BALANCE__max
CC_ROW__AMT_CREDIT_LIMIT_ACTUAL__mean,f0882_CC_ROW__AMT_CREDIT_LIMIT_ACTUAL__mean
CC_ROW__AMT_CREDIT_LIMIT_ACTUAL__max,f0883_CC_ROW__AMT_CREDIT_LIMIT_ACTUAL__max
CC_ROW__AMT_DRAWINGS_CURRENT__mean,f0884_CC_ROW__AMT_DRAWINGS_CURRENT__mean
CC_ROW__AMT_DRAWINGS_CURRENT__max,f0885_CC_ROW__AMT_DRAWINGS_CURRENT__max
CC_ROW__AMT_DRAWINGS_ATM_CURRENT__mean,f0886_CC_ROW__AMT_DRAWINGS_ATM_CURRENT__mean
CC_ROW__AMT_DRAWINGS_ATM_CURRENT__max,f0887_CC_ROW__AMT_DRAWINGS_ATM_CURRENT__max
CC_ROW__AMT_PAYMENT_TOTAL_CURRENT__mean,f0888_CC_ROW__AMT_PAYMENT_TOTAL_CURRENT__mean
CC_ROW__AMT_PAYMENT_TOTAL_CURRENT__max,f0889_CC_ROW__AMT_PAYMENT_TOTAL_CURRENT__max
CC_ROW__AMT_INST_MIN_REGULARITY__mean,f0890_CC_ROW__AMT_INST_MIN_REGULARITY__mean
CC_ROW__AMT_INST_MIN_REGULARITY__max,f0891_CC_ROW__AMT_INST_MIN_REGULARITY__max
CC_ROW__CNT_DRAWINGS_CURRENT__mean,f0892_CC_ROW__CNT_DRAWINGS_CURRENT__mean
CC_ROW__CNT_DRAWINGS_CURRENT__max,f0893_CC_ROW__CNT_DRAWINGS_CURRENT__max
CC_ROW__SK_DPD__mean,f0894_CC_ROW__SK_DPD__mean
CC_ROW__SK_DPD__max,f0895_CC_ROW__SK_DPD__max
CC_ROW__SK_DPD_DEF__mean,f0896_CC_ROW__SK_DPD_DEF__mean
CC_ROW__SK_DPD_DEF__max,f0897_CC_ROW__SK_DPD_DEF__max
CC_ROW__UTILIZATION__mean,f0898_CC_ROW__UTILIZATION__mean
CC_ROW__UTILIZATION__max,f0899_CC_ROW__UTILIZATION__max
CC_ROW__PAYMENT_MIN_RATIO__mean,f0900_CC_ROW__PAYMENT_MIN_RATIO__mean
CC_ROW__PAYMENT_MIN_RATIO__max,f0901_CC_ROW__PAYMENT_MIN_RATIO__max
CC_ROW__CASH_SHARE__mean,f0902_CC_ROW__CASH_SHARE__mean
CC_ROW__CASH_SHARE__max,f0903_CC_ROW__CASH_SHARE__max
CC_ROW__HAS_DPD__mean,f0904_CC_ROW__HAS_DPD__mean
CC_ROW__HAS_DPD__max,f0905_CC_ROW__HAS_DPD__max
CC_ROW__MONTHS_BALANCE__min,f0906_CC_ROW__MONTHS_BALANCE__min
CC_ROW__MONTHS_BALANCE__max,f0907_CC_ROW__MONTHS_BALANCE__max
CC_ROW__NAME_CONTRACT_STATUS__Active__SHARE,f0908_CC_ROW__NAME_CONTRACT_STATUS__Active__SHARE
CC_ROW__NAME_CONTRACT_STATUS__Approved__SHARE,f0909_CC_ROW__NAME_CONTRACT_STATUS__Approved__SHARE
CC_ROW__NAME_CONTRACT_STATUS__Completed__SHARE,f0910_CC_ROW__NAME_CONTRACT_STATUS__Completed__SHARE
CC_ROW__NAME_CONTRACT_STATUS__Demand__SHARE,f0911_CC_ROW__NAME_CONTRACT_STATUS__Demand__SHARE
CC_ROW__NAME_CONTRACT_STATUS__Refused__SHARE,f0912_CC_ROW__NAME_CONTRACT_STATUS__Refused__SHARE
CC_ROW__NAME_CONTRACT_STATUS__Sent proposal__SHARE,f0913_CC_ROW__NAME_CONTRACT_STATUS__Sent_proposal__SHARE
CC_ROW__NAME_CONTRACT_STATUS__Signed__SHARE,f0914_CC_ROW__NAME_CONTRACT_STATUS__Signed__SHARE
CC_6M__N_ROWS,f0915_CC_6M__N_ROWS
CC_6M__AMT_BALANCE__mean,f0916_CC_6M__AMT_BALANCE__mean
CC_6M__AMT_BALANCE__max,f0917_CC_6M__AMT_BALANCE__max
CC_6M__AMT_CREDIT_LIMIT_ACTUAL__mean,f0918_CC_6M__AMT_CREDIT_LIMIT_ACTUAL__mean
CC_6M__AMT_CREDIT_LIMIT_ACTUAL__max,f0919_CC_6M__AMT_CREDIT_LIMIT_ACTUAL__max
CC_6M__AMT_DRAWINGS_CURRENT__mean,f0920_CC_6M__AMT_DRAWINGS_CURRENT__mean
CC_6M__AMT_DRAWINGS_CURRENT__max,f0921_CC_6M__AMT_DRAWINGS_CURRENT__max
CC_6M__AMT_DRAWINGS_ATM_CURRENT__mean,f0922_CC_6M__AMT_DRAWINGS_ATM_CURRENT__mean
CC_6M__AMT_DRAWINGS_ATM_CURRENT__max,f0923_CC_6M__AMT_DRAWINGS_ATM_CURRENT__max
CC_6M__AMT_PAYMENT_TOTAL_CURRENT__mean,f0924_CC_6M__AMT_PAYMENT_TOTAL_CURRENT__mean
CC_6M__AMT_PAYMENT_TOTAL_CURRENT__max,f0925_CC_6M__AMT_PAYMENT_TOTAL_CURRENT__max
CC_6M__AMT_INST_MIN_REGULARITY__mean,f0926_CC_6M__AMT_INST_MIN_REGULARITY__mean
CC_6M__AMT_INST_MIN_REGULARITY__max,f0927_CC_6M__AMT_INST_MIN_REGULARITY__max
CC_6M__CNT_DRAWINGS_CURRENT__mean,f0928_CC_6M__CNT_DRAWINGS_CURRENT__mean
CC_6M__CNT_DRAWINGS_CURRENT__max,f0929_CC_6M__CNT_DRAWINGS_CURRENT__max
CC_6M__SK_DPD__mean,f0930_CC_6M__SK_DPD__mean
CC_6M__SK_DPD__max,f0931_CC_6M__SK_DPD__max
CC_6M__SK_DPD_DEF__mean,f0932_CC_6M__SK_DPD_DEF__mean
CC_6M__SK_DPD_DEF__max,f0933_CC_6M__SK_DPD_DEF__max
CC_6M__UTILIZATION__mean,f0934_CC_6M__UTILIZATION__mean
CC_6M__UTILIZATION__max,f0935_CC_6M__UTILIZATION__max
CC_6M__PAYMENT_MIN_RATIO__mean,f0936_CC_6M__PAYMENT_MIN_RATIO__mean
CC_6M__PAYMENT_MIN_RATIO__max,f0937_CC_6M__PAYMENT_MIN_RATIO__max
CC_6M__CASH_SHARE__mean,f0938_CC_6M__CASH_SHARE__mean
CC_6M__CASH_SHARE__max,f0939_CC_6M__CASH_SHARE__max
CC_6M__HAS_DPD__mean,f0940_CC_6M__HAS_DPD__mean
CC_6M__HAS_DPD__max,f0941_CC_6M__HAS_DPD__max
CC_6M__MONTHS_BALANCE__min,f0942_CC_6M__MONTHS_BALANCE__min
CC_6M__MONTHS_BALANCE__max,f0943_CC_6M__MONTHS_BALANCE__max
CC_12M__N_ROWS,f0944_CC_12M__N_ROWS
CC_12M__AMT_BALANCE__mean,f0945_CC_12M__AMT_BALANCE__mean
CC_12M__AMT_BALANCE__max,f0946_CC_12M__AMT_BALANCE__max
CC_12M__AMT_CREDIT_LIMIT_ACTUAL__mean,f0947_CC_12M__AMT_CREDIT_LIMIT_ACTUAL__mean
CC_12M__AMT_CREDIT_LIMIT_ACTUAL__max,f0948_CC_12M__AMT_CREDIT_LIMIT_ACTUAL__max
CC_12M__AMT_DRAWINGS_CURRENT__mean,f0949_CC_12M__AMT_DRAWINGS_CURRENT__mean
CC_12M__AMT_DRAWINGS_CURRENT__max,f0950_CC_12M__AMT_DRAWINGS_CURRENT__max
CC_12M__AMT_DRAWINGS_ATM_CURRENT__mean,f0951_CC_12M__AMT_DRAWINGS_ATM_CURRENT__mean
CC_12M__AMT_DRAWINGS_ATM_CURRENT__max,f0952_CC_12M__AMT_DRAWINGS_ATM_CURRENT__max
CC_12M__AMT_PAYMENT_TOTAL_CURRENT__mean,f0953_CC_12M__AMT_PAYMENT_TOTAL_CURRENT__mean
CC_12M__AMT_PAYMENT_TOTAL_CURRENT__max,f0954_CC_12M__AMT_PAYMENT_TOTAL_CURRENT__max
CC_12M__AMT_INST_MIN_REGULARITY__mean,f0955_CC_12M__AMT_INST_MIN_REGULARITY__mean
CC_12M__AMT_INST_MIN_REGULARITY__max,f0956_CC_12M__AMT_INST_MIN_REGULARITY__max
CC_12M__CNT_DRAWINGS_CURRENT__mean,f0957_CC_12M__CNT_DRAWINGS_CURRENT__mean
CC_12M__CNT_DRAWINGS_CURRENT__max,f0958_CC_12M__CNT_DRAWINGS_CURRENT__max
CC_12M__SK_DPD__mean,f0959_CC_12M__SK_DPD__mean
CC_12M__SK_DPD__max,f0960_CC_12M__SK_DPD__max
CC_12M__SK_DPD_DEF__mean,f0961_CC_12M__SK_DPD_DEF__mean
CC_12M__SK_DPD_DEF__max,f0962_CC_12M__SK_DPD_DEF__max
CC_12M__UTILIZATION__mean,f0963_CC_12M__UTILIZATION__mean
CC_12M__UTILIZATION__max,f0964_CC_12M__UTILIZATION__max
CC_12M__PAYMENT_MIN_RATIO__mean,f0965_CC_12M__PAYMENT_MIN_RATIO__mean
CC_12M__PAYMENT_MIN_RATIO__max,f0966_CC_12M__PAYMENT_MIN_RATIO__max
CC_12M__CASH_SHARE__mean,f0967_CC_12M__CASH_SHARE__mean
CC_12M__CASH_SHARE__max,f0968_CC_12M__CASH_SHARE__max
CC_12M__HAS_DPD__mean,f0969_CC_12M__HAS_DPD__mean
CC_12M__HAS_DPD__max,f0970_CC_12M__HAS_DPD__max
CC_12M__MONTHS_BALANCE__min,f0971_CC_12M__MONTHS_BALANCE__min
CC_12M__MONTHS_BALANCE__max,f0972_CC_12M__MONTHS_BALANCE__max
CC_CLIENT__N_ROWS,f0973_CC_CLIENT__N_ROWS
CC_CLIENT__CC_LOAN__N_ROWS__mean,f0974_CC_CLIENT__CC_LOAN__N_ROWS__mean
CC_CLIENT__CC_LOAN__N_ROWS__max,f0975_CC_CLIENT__CC_LOAN__N_ROWS__max
CC_CLIENT__CC_LOAN__AMT_BALANCE__mean__mean,f0976_CC_CLIENT__CC_LOAN__AMT_BALANCE__mean__mean
CC_CLIENT__CC_LOAN__AMT_BALANCE__mean__max,f0977_CC_CLIENT__CC_LOAN__AMT_BALANCE__mean__max
CC_CLIENT__CC_LOAN__AMT_BALANCE__max__mean,f0978_CC_CLIENT__CC_LOAN__AMT_BALANCE__max__mean
CC_CLIENT__CC_LOAN__AMT_BALANCE__max__max,f0979_CC_CLIENT__CC_LOAN__AMT_BALANCE__max__max
CC_CLIENT__CC_LOAN__AMT_CREDIT_LIMIT_ACTUAL__mean__mean,f0980_CC_CLIENT__CC_LOAN__AMT_CREDIT_LIMIT_ACTUAL__mean__mean
CC_CLIENT__CC_LOAN__AMT_CREDIT_LIMIT_ACTUAL__mean__max,f0981_CC_CLIENT__CC_LOAN__AMT_CREDIT_LIMIT_ACTUAL__mean__max
CC_CLIENT__CC_LOAN__AMT_CREDIT_LIMIT_ACTUAL__max__mean,f0982_CC_CLIENT__CC_LOAN__AMT_CREDIT_LIMIT_ACTUAL__max__mean
CC_CLIENT__CC_LOAN__AMT_CREDIT_LIMIT_ACTUAL__max__max,f0983_CC_CLIENT__CC_LOAN__AMT_CREDIT_LIMIT_ACTUAL__max__max
CC_CLIENT__CC_LOAN__AMT_DRAWINGS_CURRENT__mean__mean,f0984_CC_CLIENT__CC_LOAN__AMT_DRAWINGS_CURRENT__mean__mean
CC_CLIENT__CC_LOAN__AMT_DRAWINGS_CURRENT__mean__max,f0985_CC_CLIENT__CC_LOAN__AMT_DRAWINGS_CURRENT__mean__max
CC_CLIENT__CC_LOAN__AMT_DRAWINGS_CURRENT__max__mean,f0986_CC_CLIENT__CC_LOAN__AMT_DRAWINGS_CURRENT__max__mean
CC_CLIENT__CC_LOAN__AMT_DRAWINGS_CURRENT__max__max,f0987_CC_CLIENT__CC_LOAN__AMT_DRAWINGS_CURRENT__max__max
CC_CLIENT__CC_LOAN__AMT_DRAWINGS_ATM_CURRENT__mean__mean,f0988_CC_CLIENT__CC_LOAN__AMT_DRAWINGS_ATM_CURRENT__mean__mean
CC_CLIENT__CC_LOAN__AMT_DRAWINGS_ATM_CURRENT__mean__max,f0989_CC_CLIENT__CC_LOAN__AMT_DRAWINGS_ATM_CURRENT__mean__max
CC_CLIENT__CC_LOAN__AMT_DRAWINGS_ATM_CURRENT__max__mean,f0990_CC_CLIENT__CC_LOAN__AMT_DRAWINGS_ATM_CURRENT__max__mean
CC_CLIENT__CC_LOAN__AMT_DRAWINGS_ATM_CURRENT__max__max,f0991_CC_CLIENT__CC_LOAN__AMT_DRAWINGS_ATM_CURRENT__max__max
CC_CLIENT__CC_LOAN__AMT_PAYMENT_TOTAL_CURRENT__mean__mean,f0992_CC_CLIENT__CC_LOAN__AMT_PAYMENT_TOTAL_CURRENT__mean__mean
CC_CLIENT__CC_LOAN__AMT_PAYMENT_TOTAL_CURRENT__mean__max,f0993_CC_CLIENT__CC_LOAN__AMT_PAYMENT_TOTAL_CURRENT__mean__max
CC_CLIENT__CC_LOAN__AMT_PAYMENT_TOTAL_CURRENT__max__mean,f0994_CC_CLIENT__CC_LOAN__AMT_PAYMENT_TOTAL_CURRENT__max__mean
CC_CLIENT__CC_LOAN__AMT_PAYMENT_TOTAL_CURRENT__max__max,f0995_CC_CLIENT__CC_LOAN__AMT_PAYMENT_TOTAL_CURRENT__max__max
CC_CLIENT__CC_LOAN__AMT_INST_MIN_REGULARITY__mean__mean,f0996_CC_CLIENT__CC_LOAN__AMT_INST_MIN_REGULARITY__mean__mean
CC_CLIENT__CC_LOAN__AMT_INST_MIN_REGULARITY__mean__max,f0997_CC_CLIENT__CC_LOAN__AMT_INST_MIN_REGULARITY__mean__max
CC_CLIENT__CC_LOAN__AMT_INST_MIN_REGULARITY__max__mean,f0998_CC_CLIENT__CC_LOAN__AMT_INST_MIN_REGULARITY__max__mean
CC_CLIENT__CC_LOAN__AMT_INST_MIN_REGULARITY__max__max,f0999_CC_CLIENT__CC_LOAN__AMT_INST_MIN_REGULARITY__max__max
CC_CLIENT__CC_LOAN__CNT_DRAWINGS_CURRENT__mean__mean,f1000_CC_CLIENT__CC_LOAN__CNT_DRAWINGS_CURRENT__mean__mean
CC_CLIENT__CC_LOAN__CNT_DRAWINGS_CURRENT__mean__max,f1001_CC_CLIENT__CC_LOAN__CNT_DRAWINGS_CURRENT__mean__max
CC_CLIENT__CC_LOAN__CNT_DRAWINGS_CURRENT__max__mean,f1002_CC_CLIENT__CC_LOAN__CNT_DRAWINGS_CURRENT__max__mean
CC_CLIENT__CC_LOAN__CNT_DRAWINGS_CURRENT__max__max,f1003_CC_CLIENT__CC_LOAN__CNT_DRAWINGS_CURRENT__max__max
CC_CLIENT__CC_LOAN__SK_DPD__mean__mean,f1004_CC_CLIENT__CC_LOAN__SK_DPD__mean__mean
CC_CLIENT__CC_LOAN__SK_DPD__mean__max,f1005_CC_CLIENT__CC_LOAN__SK_DPD__mean__max
CC_CLIENT__CC_LOAN__SK_DPD__max__mean,f1006_CC_CLIENT__CC_LOAN__SK_DPD__max__mean
CC_CLIENT__CC_LOAN__SK_DPD__max__max,f1007_CC_CLIENT__CC_LOAN__SK_DPD__max__max
CC_CLIENT__CC_LOAN__SK_DPD_DEF__mean__mean,f1008_CC_CLIENT__CC_LOAN__SK_DPD_DEF__mean__mean
CC_CLIENT__CC_LOAN__SK_DPD_DEF__mean__max,f1009_CC_CLIENT__CC_LOAN__SK_DPD_DEF__mean__max
CC_CLIENT__CC_LOAN__SK_DPD_DEF__max__mean,f1010_CC_CLIENT__CC_LOAN__SK_DPD_DEF__max__mean
CC_CLIENT__CC_LOAN__SK_DPD_DEF__max__max,f1011_CC_CLIENT__CC_LOAN__SK_DPD_DEF__max__max
CC_CLIENT__CC_LOAN__UTILIZATION__mean__mean,f1012_CC_CLIENT__CC_LOAN__UTILIZATION__mean__mean
CC_CLIENT__CC_LOAN__UTILIZATION__mean__max,f1013_CC_CLIENT__CC_LOAN__UTILIZATION__mean__max
CC_CLIENT__CC_LOAN__UTILIZATION__max__mean,f1014_CC_CLIENT__CC_LOAN__UTILIZATION__max__mean
CC_CLIENT__CC_LOAN__UTILIZATION__max__max,f1015_CC_CLIENT__CC_LOAN__UTILIZATION__max__max
CC_CLIENT__CC_LOAN__PAYMENT_MIN_RATIO__mean__mean,f1016_CC_CLIENT__CC_LOAN__PAYMENT_MIN_RATIO__mean__mean
CC_CLIENT__CC_LOAN__PAYMENT_MIN_RATIO__mean__max,f1017_CC_CLIENT__CC_LOAN__PAYMENT_MIN_RATIO__mean__max
CC_CLIENT__CC_LOAN__PAYMENT_MIN_RATIO__max__mean,f1018_CC_CLIENT__CC_LOAN__PAYMENT_MIN_RATIO__max__mean
CC_CLIENT__CC_LOAN__PAYMENT_MIN_RATIO__max__max,f1019_CC_CLIENT__CC_LOAN__PAYMENT_MIN_RATIO__max__max
CC_CLIENT__CC_LOAN__CASH_SHARE__mean__mean,f1020_CC_CLIENT__CC_LOAN__CASH_SHARE__mean__mean
CC_CLIENT__CC_LOAN__CASH_SHARE__mean__max,f1021_CC_CLIENT__CC_LOAN__CASH_SHARE__mean__max
CC_CLIENT__CC_LOAN__CASH_SHARE__max__mean,f1022_CC_CLIENT__CC_LOAN__CASH_SHARE__max__mean
CC_CLIENT__CC_LOAN__CASH_SHARE__max__max,f1023_CC_CLIENT__CC_LOAN__CASH_SHARE__max__max
CC_CLIENT__CC_LOAN__HAS_DPD__mean__mean,f1024_CC_CLIENT__CC_LOAN__HAS_DPD__mean__mean
CC_CLIENT__CC_LOAN__HAS_DPD__mean__max,f1025_CC_CLIENT__CC_LOAN__HAS_DPD__mean__max
CC_CLIENT__CC_LOAN__HAS_DPD__max__mean,f1026_CC_CLIENT__CC_LOAN__HAS_DPD__max__mean
CC_CLIENT__CC_LOAN__HAS_DPD__max__max,f1027_CC_CLIENT__CC_LOAN__HAS_DPD__max__max
CC_CLIENT__CC_LOAN__MONTHS_BALANCE__min__mean,f1028_CC_CLIENT__CC_LOAN__MONTHS_BALANCE__min__mean
CC_CLIENT__CC_LOAN__MONTHS_BALANCE__min__max,f1029_CC_CLIENT__CC_LOAN__MONTHS_BALANCE__min__max
CC_CLIENT__CC_LOAN__MONTHS_BALANCE__max__mean,f1030_CC_CLIENT__CC_LOAN__MONTHS_BALANCE__max__mean
CC_CLIENT__CC_LOAN__MONTHS_BALANCE__max__max,f1031_CC_CLIENT__CC_LOAN__MONTHS_BALANCE__max__max
CC_LAST__N_ROWS,f1032_CC_LAST__N_ROWS
CC_LAST__AMT_BALANCE__mean,f1033_CC_LAST__AMT_BALANCE__mean
CC_LAST__AMT_BALANCE__max,f1034_CC_LAST__AMT_BALANCE__max
CC_LAST__AMT_CREDIT_LIMIT_ACTUAL__mean,f1035_CC_LAST__AMT_CREDIT_LIMIT_ACTUAL__mean
CC_LAST__AMT_CREDIT_LIMIT_ACTUAL__max,f1036_CC_LAST__AMT_CREDIT_LIMIT_ACTUAL__max
CC_LAST__AMT_DRAWINGS_CURRENT__mean,f1037_CC_LAST__AMT_DRAWINGS_CURRENT__mean
CC_LAST__AMT_DRAWINGS_CURRENT__max,f1038_CC_LAST__AMT_DRAWINGS_CURRENT__max
CC_LAST__AMT_DRAWINGS_ATM_CURRENT__mean,f1039_CC_LAST__AMT_DRAWINGS_ATM_CURRENT__mean
CC_LAST__AMT_DRAWINGS_ATM_CURRENT__max,f1040_CC_LAST__AMT_DRAWINGS_ATM_CURRENT__max
CC_LAST__AMT_PAYMENT_TOTAL_CURRENT__mean,f1041_CC_LAST__AMT_PAYMENT_TOTAL_CURRENT__mean
CC_LAST__AMT_PAYMENT_TOTAL_CURRENT__max,f1042_CC_LAST__AMT_PAYMENT_TOTAL_CURRENT__max
CC_LAST__AMT_INST_MIN_REGULARITY__mean,f1043_CC_LAST__AMT_INST_MIN_REGULARITY__mean
CC_LAST__AMT_INST_MIN_REGULARITY__max,f1044_CC_LAST__AMT_INST_MIN_REGULARITY__max
CC_LAST__CNT_DRAWINGS_CURRENT__mean,f1045_CC_LAST__CNT_DRAWINGS_CURRENT__mean
CC_LAST__CNT_DRAWINGS_CURRENT__max,f1046_CC_LAST__CNT_DRAWINGS_CURRENT__max
CC_LAST__SK_DPD__mean,f1047_CC_LAST__SK_DPD__mean
CC_LAST__SK_DPD__max,f1048_CC_LAST__SK_DPD__max
CC_LAST__SK_DPD_DEF__mean,f1049_CC_LAST__SK_DPD_DEF__mean
CC_LAST__SK_DPD_DEF__max,f1050_CC_LAST__SK_DPD_DEF__max
CC_LAST__UTILIZATION__mean,f1051_CC_LAST__UTILIZATION__mean
CC_LAST__UTILIZATION__max,f1052_CC_LAST__UTILIZATION__max
CC_LAST__PAYMENT_MIN_RATIO__mean,f1053_CC_LAST__PAYMENT_MIN_RATIO__mean
CC_LAST__PAYMENT_MIN_RATIO__max,f1054_CC_LAST__PAYMENT_MIN_RATIO__max
CC_LAST__CASH_SHARE__mean,f1055_CC_LAST__CASH_SHARE__mean
CC_LAST__CASH_SHARE__max,f1056_CC_LAST__CASH_SHARE__max
CC_LAST__HAS_DPD__mean,f1057_CC_LAST__HAS_DPD__mean
CC_LAST__HAS_DPD__max,f1058_CC_LAST__HAS_DPD__max
CC_LAST__MONTHS_BALANCE__min,f1059_CC_LAST__MONTHS_BALANCE__min
CC_LAST__MONTHS_BALANCE__max,f1060_CC_LAST__MONTHS_BALANCE__max
CC__HAS_HISTORY,f1061_CC__HAS_HISTORY
EXTRA_CC_TREND__N_ROWS,f1062_EXTRA_CC_TREND__N_ROWS
EXTRA_CC_TREND__UTILIZATION__SLOPE__mean,f1063_EXTRA_CC_TREND__UTILIZATION__SLOPE__mean
EXTRA_CC_TREND__UTILIZATION__SLOPE__max,f1064_EXTRA_CC_TREND__UTILIZATION__SLOPE__max
EXTRA_CC_TREND__PAYMENT_MIN_RATIO__SLOPE__mean,f1065_EXTRA_CC_TREND__PAYMENT_MIN_RATIO__SLOPE__mean
EXTRA_CC_TREND__PAYMENT_MIN_RATIO__SLOPE__max,f1066_EXTRA_CC_TREND__PAYMENT_MIN_RATIO__SLOPE__max
EXTRA_CC_TREND__AMT_BALANCE__SLOPE__mean,f1067_EXTRA_CC_TREND__AMT_BALANCE__SLOPE__mean
EXTRA_CC_TREND__AMT_BALANCE__SLOPE__max,f1068_EXTRA_CC_TREND__AMT_BALANCE__SLOPE__max
EXTRA_CC_TREND__SK_DPD__SLOPE__mean,f1069_EXTRA_CC_TREND__SK_DPD__SLOPE__mean
EXTRA_CC_TREND__SK_DPD__SLOPE__max,f1070_EXTRA_CC_TREND__SK_DPD__SLOPE__max
EXTRA_CC__UTILIZATION__RECENT_MINUS_PREVIOUS,f1071_EXTRA_CC__UTILIZATION__RECENT_MINUS_PREVIOUS
EXTRA_CC__PAYMENT_MIN_RATIO__RECENT_MINUS_PREVIOUS,f1072_EXTRA_CC__PAYMENT_MIN_RATIO__RECENT_MINUS_PREVIOUS
EXTRA_CC__AMT_BALANCE__RECENT_MINUS_PREVIOUS,f1073_EXTRA_CC__AMT_BALANCE__RECENT_MINUS_PREVIOUS
EXTRA_CC__SK_DPD__RECENT_MINUS_PREVIOUS,f1074_EXTRA_CC__SK_DPD__RECENT_MINUS_PREVIOUS
EXTRA_CC__MONTHS_SINCE_DPD,f1075_EXTRA_CC__MONTHS_SINCE_DPD
EXTRA_CC__HAS_HISTORY,f1076_EXTRA_CC__HAS_HISTORY
INST__N_ROWS,f1077_INST__N_ROWS
INST__PAYMENT_RATIO__mean,f1078_INST__PAYMENT_RATIO__mean
INST__PAYMENT_RATIO__max,f1079_INST__PAYMENT_RATIO__max
INST__SHORTFALL__mean,f1080_INST__SHORTFALL__mean
INST__SHORTFALL__max,f1081_INST__SHORTFALL__max
INST__UNDERPAID__mean,f1082_INST__UNDERPAID__mean
INST__UNDERPAID__max,f1083_INST__UNDERPAID__max
INST__NOT_FULL_BY_DUE__mean,f1084_INST__NOT_FULL_BY_DUE__mean
INST__NOT_FULL_BY_DUE__max,f1085_INST__NOT_FULL_BY_DUE__max
INST__DAYS_LATE_COMPLETION__mean,f1086_INST__DAYS_LATE_COMPLETION__mean
INST__DAYS_LATE_COMPLETION__max,f1087_INST__DAYS_LATE_COMPLETION__max
INST__DAYS_SINCE_DUE_IF_UNDERPAID__mean,f1088_INST__DAYS_SINCE_DUE_IF_UNDERPAID__mean
INST__DAYS_SINCE_DUE_IF_UNDERPAID__max,f1089_INST__DAYS_SINCE_DUE_IF_UNDERPAID__max
INST__PARTS__mean,f1090_INST__PARTS__mean
INST__PARTS__max,f1091_INST__PARTS__max
INST__UNKNOWN_PARTS__mean,f1092_INST__UNKNOWN_PARTS__mean
INST__UNKNOWN_PARTS__max,f1093_INST__UNKNOWN_PARTS__max
INST__DUE__min,f1094_INST__DUE__min
INST__DUE__max,f1095_INST__DUE__max
INST__EXPECTED__sum,f1096_INST__EXPECTED__sum
INST__EXPECTED__mean,f1097_INST__EXPECTED__mean
INST__PAID__sum,f1098_INST__PAID__sum
INST__PAID__mean,f1099_INST__PAID__mean
INST_180D__N_ROWS,f1100_INST_180D__N_ROWS
INST_180D__PAYMENT_RATIO__mean,f1101_INST_180D__PAYMENT_RATIO__mean
INST_180D__PAYMENT_RATIO__max,f1102_INST_180D__PAYMENT_RATIO__max
INST_180D__SHORTFALL__mean,f1103_INST_180D__SHORTFALL__mean
INST_180D__SHORTFALL__max,f1104_INST_180D__SHORTFALL__max
INST_180D__UNDERPAID__mean,f1105_INST_180D__UNDERPAID__mean
INST_180D__UNDERPAID__max,f1106_INST_180D__UNDERPAID__max
INST_180D__NOT_FULL_BY_DUE__mean,f1107_INST_180D__NOT_FULL_BY_DUE__mean
INST_180D__NOT_FULL_BY_DUE__max,f1108_INST_180D__NOT_FULL_BY_DUE__max
INST_180D__DAYS_LATE_COMPLETION__mean,f1109_INST_180D__DAYS_LATE_COMPLETION__mean
INST_180D__DAYS_LATE_COMPLETION__max,f1110_INST_180D__DAYS_LATE_COMPLETION__max
INST_180D__DAYS_SINCE_DUE_IF_UNDERPAID__mean,f1111_INST_180D__DAYS_SINCE_DUE_IF_UNDERPAID__mean
INST_180D__DAYS_SINCE_DUE_IF_UNDERPAID__max,f1112_INST_180D__DAYS_SINCE_DUE_IF_UNDERPAID__max
INST_180D__PARTS__mean,f1113_INST_180D__PARTS__mean
INST_180D__PARTS__max,f1114_INST_180D__PARTS__max
INST_180D__UNKNOWN_PARTS__mean,f1115_INST_180D__UNKNOWN_PARTS__mean
INST_180D__UNKNOWN_PARTS__max,f1116_INST_180D__UNKNOWN_PARTS__max
INST_180D__DUE__min,f1117_INST_180D__DUE__min
INST_180D__DUE__max,f1118_INST_180D__DUE__max
INST_180D__EXPECTED__sum,f1119_INST_180D__EXPECTED__sum
INST_180D__EXPECTED__mean,f1120_INST_180D__EXPECTED__mean
INST_180D__PAID__sum,f1121_INST_180D__PAID__sum
INST_180D__PAID__mean,f1122_INST_180D__PAID__mean
INST_365D__N_ROWS,f1123_INST_365D__N_ROWS
INST_365D__PAYMENT_RATIO__mean,f1124_INST_365D__PAYMENT_RATIO__mean
INST_365D__PAYMENT_RATIO__max,f1125_INST_365D__PAYMENT_RATIO__max
INST_365D__SHORTFALL__mean,f1126_INST_365D__SHORTFALL__mean
INST_365D__SHORTFALL__max,f1127_INST_365D__SHORTFALL__max
INST_365D__UNDERPAID__mean,f1128_INST_365D__UNDERPAID__mean
INST_365D__UNDERPAID__max,f1129_INST_365D__UNDERPAID__max
INST_365D__NOT_FULL_BY_DUE__mean,f1130_INST_365D__NOT_FULL_BY_DUE__mean
INST_365D__NOT_FULL_BY_DUE__max,f1131_INST_365D__NOT_FULL_BY_DUE__max
INST_365D__DAYS_LATE_COMPLETION__mean,f1132_INST_365D__DAYS_LATE_COMPLETION__mean
INST_365D__DAYS_LATE_COMPLETION__max,f1133_INST_365D__DAYS_LATE_COMPLETION__max
INST_365D__DAYS_SINCE_DUE_IF_UNDERPAID__mean,f1134_INST_365D__DAYS_SINCE_DUE_IF_UNDERPAID__mean
INST_365D__DAYS_SINCE_DUE_IF_UNDERPAID__max,f1135_INST_365D__DAYS_SINCE_DUE_IF_UNDERPAID__max
INST_365D__PARTS__mean,f1136_INST_365D__PARTS__mean
INST_365D__PARTS__max,f1137_INST_365D__PARTS__max
INST_365D__UNKNOWN_PARTS__mean,f1138_INST_365D__UNKNOWN_PARTS__mean
INST_365D__UNKNOWN_PARTS__max,f1139_INST_365D__UNKNOWN_PARTS__max
INST_365D__DUE__min,f1140_INST_365D__DUE__min
INST_365D__DUE__max,f1141_INST_365D__DUE__max
INST_365D__EXPECTED__sum,f1142_INST_365D__EXPECTED__sum
INST_365D__EXPECTED__mean,f1143_INST_365D__EXPECTED__mean
INST_365D__PAID__sum,f1144_INST_365D__PAID__sum
INST_365D__PAID__mean,f1145_INST_365D__PAID__mean
INST_CLIENT__N_ROWS,f1146_INST_CLIENT__N_ROWS
INST_CLIENT__INST_LOAN__N_ROWS__mean,f1147_INST_CLIENT__INST_LOAN__N_ROWS__mean
INST_CLIENT__INST_LOAN__N_ROWS__max,f1148_INST_CLIENT__INST_LOAN__N_ROWS__max
INST_CLIENT__INST_LOAN__PAYMENT_RATIO__mean__mean,f1149_INST_CLIENT__INST_LOAN__PAYMENT_RATIO__mean__mean
INST_CLIENT__INST_LOAN__PAYMENT_RATIO__mean__max,f1150_INST_CLIENT__INST_LOAN__PAYMENT_RATIO__mean__max
INST_CLIENT__INST_LOAN__PAYMENT_RATIO__max__mean,f1151_INST_CLIENT__INST_LOAN__PAYMENT_RATIO__max__mean
INST_CLIENT__INST_LOAN__PAYMENT_RATIO__max__max,f1152_INST_CLIENT__INST_LOAN__PAYMENT_RATIO__max__max
INST_CLIENT__INST_LOAN__SHORTFALL__mean__mean,f1153_INST_CLIENT__INST_LOAN__SHORTFALL__mean__mean
INST_CLIENT__INST_LOAN__SHORTFALL__mean__max,f1154_INST_CLIENT__INST_LOAN__SHORTFALL__mean__max
INST_CLIENT__INST_LOAN__SHORTFALL__max__mean,f1155_INST_CLIENT__INST_LOAN__SHORTFALL__max__mean
INST_CLIENT__INST_LOAN__SHORTFALL__max__max,f1156_INST_CLIENT__INST_LOAN__SHORTFALL__max__max
INST_CLIENT__INST_LOAN__UNDERPAID__mean__mean,f1157_INST_CLIENT__INST_LOAN__UNDERPAID__mean__mean
INST_CLIENT__INST_LOAN__UNDERPAID__mean__max,f1158_INST_CLIENT__INST_LOAN__UNDERPAID__mean__max
INST_CLIENT__INST_LOAN__UNDERPAID__max__mean,f1159_INST_CLIENT__INST_LOAN__UNDERPAID__max__mean
INST_CLIENT__INST_LOAN__UNDERPAID__max__max,f1160_INST_CLIENT__INST_LOAN__UNDERPAID__max__max
INST_CLIENT__INST_LOAN__NOT_FULL_BY_DUE__mean__mean,f1161_INST_CLIENT__INST_LOAN__NOT_FULL_BY_DUE__mean__mean
INST_CLIENT__INST_LOAN__NOT_FULL_BY_DUE__mean__max,f1162_INST_CLIENT__INST_LOAN__NOT_FULL_BY_DUE__mean__max
INST_CLIENT__INST_LOAN__NOT_FULL_BY_DUE__max__mean,f1163_INST_CLIENT__INST_LOAN__NOT_FULL_BY_DUE__max__mean
INST_CLIENT__INST_LOAN__NOT_FULL_BY_DUE__max__max,f1164_INST_CLIENT__INST_LOAN__NOT_FULL_BY_DUE__max__max
INST_CLIENT__INST_LOAN__DAYS_LATE_COMPLETION__mean__mean,f1165_INST_CLIENT__INST_LOAN__DAYS_LATE_COMPLETION__mean__mean
INST_CLIENT__INST_LOAN__DAYS_LATE_COMPLETION__mean__max,f1166_INST_CLIENT__INST_LOAN__DAYS_LATE_COMPLETION__mean__max
INST_CLIENT__INST_LOAN__DAYS_LATE_COMPLETION__max__mean,f1167_INST_CLIENT__INST_LOAN__DAYS_LATE_COMPLETION__max__mean
INST_CLIENT__INST_LOAN__DAYS_LATE_COMPLETION__max__max,f1168_INST_CLIENT__INST_LOAN__DAYS_LATE_COMPLETION__max__max
INST_CLIENT__INST_LOAN__DAYS_SINCE_DUE_IF_UNDERPAID__mean__mean,f1169_INST_CLIENT__INST_LOAN__DAYS_SINCE_DUE_IF_UNDERPAID__mean__mean
INST_CLIENT__INST_LOAN__DAYS_SINCE_DUE_IF_UNDERPAID__mean__max,f1170_INST_CLIENT__INST_LOAN__DAYS_SINCE_DUE_IF_UNDERPAID__mean__max
INST_CLIENT__INST_LOAN__DAYS_SINCE_DUE_IF_UNDERPAID__max__mean,f1171_INST_CLIENT__INST_LOAN__DAYS_SINCE_DUE_IF_UNDERPAID__max__mean
INST_CLIENT__INST_LOAN__DAYS_SINCE_DUE_IF_UNDERPAID__max__max,f1172_INST_CLIENT__INST_LOAN__DAYS_SINCE_DUE_IF_UNDERPAID__max__max
INST_CLIENT__INST_LOAN__PARTS__mean__mean,f1173_INST_CLIENT__INST_LOAN__PARTS__mean__mean
INST_CLIENT__INST_LOAN__PARTS__mean__max,f1174_INST_CLIENT__INST_LOAN__PARTS__mean__max
INST_CLIENT__INST_LOAN__PARTS__max__mean,f1175_INST_CLIENT__INST_LOAN__PARTS__max__mean
INST_CLIENT__INST_LOAN__PARTS__max__max,f1176_INST_CLIENT__INST_LOAN__PARTS__max__max
INST_CLIENT__INST_LOAN__UNKNOWN_PARTS__mean__mean,f1177_INST_CLIENT__INST_LOAN__UNKNOWN_PARTS__mean__mean
INST_CLIENT__INST_LOAN__UNKNOWN_PARTS__mean__max,f1178_INST_CLIENT__INST_LOAN__UNKNOWN_PARTS__mean__max
INST_CLIENT__INST_LOAN__UNKNOWN_PARTS__max__mean,f1179_INST_CLIENT__INST_LOAN__UNKNOWN_PARTS__max__mean
INST_CLIENT__INST_LOAN__UNKNOWN_PARTS__max__max,f1180_INST_CLIENT__INST_LOAN__UNKNOWN_PARTS__max__max
INST_CLIENT__INST_LOAN__DUE__min__mean,f1181_INST_CLIENT__INST_LOAN__DUE__min__mean
INST_CLIENT__INST_LOAN__DUE__min__max,f1182_INST_CLIENT__INST_LOAN__DUE__min__max
INST_CLIENT__INST_LOAN__DUE__max__mean,f1183_INST_CLIENT__INST_LOAN__DUE__max__mean
INST_CLIENT__INST_LOAN__DUE__max__max,f1184_INST_CLIENT__INST_LOAN__DUE__max__max
INST_CLIENT__INST_LOAN__EXPECTED__sum__mean,f1185_INST_CLIENT__INST_LOAN__EXPECTED__sum__mean
INST_CLIENT__INST_LOAN__EXPECTED__sum__max,f1186_INST_CLIENT__INST_LOAN__EXPECTED__sum__max
INST_CLIENT__INST_LOAN__EXPECTED__mean__mean,f1187_INST_CLIENT__INST_LOAN__EXPECTED__mean__mean
INST_CLIENT__INST_LOAN__EXPECTED__mean__max,f1188_INST_CLIENT__INST_LOAN__EXPECTED__mean__max
INST_CLIENT__INST_LOAN__PAID__sum__mean,f1189_INST_CLIENT__INST_LOAN__PAID__sum__mean
INST_CLIENT__INST_LOAN__PAID__sum__max,f1190_INST_CLIENT__INST_LOAN__PAID__sum__max
INST_CLIENT__INST_LOAN__PAID__mean__mean,f1191_INST_CLIENT__INST_LOAN__PAID__mean__mean
INST_CLIENT__INST_LOAN__PAID__mean__max,f1192_INST_CLIENT__INST_LOAN__PAID__mean__max
INST__HAS_HISTORY,f1193_INST__HAS_HISTORY
EXTRA_INST__N_ROWS,f1194_EXTRA_INST__N_ROWS
EXTRA_INST__ON_TIME_RATIO__mean,f1195_EXTRA_INST__ON_TIME_RATIO__mean
EXTRA_INST__ON_TIME_RATIO__max,f1196_EXTRA_INST__ON_TIME_RATIO__max
EXTRA_INST__SHORTFALL_BY_DUE__mean,f1197_EXTRA_INST__SHORTFALL_BY_DUE__mean
EXTRA_INST__SHORTFALL_BY_DUE__max,f1198_EXTRA_INST__SHORTFALL_BY_DUE__max
EXTRA_INST__LATE_7__mean,f1199_EXTRA_INST__LATE_7__mean
EXTRA_INST__LATE_7__max,f1200_EXTRA_INST__LATE_7__max
EXTRA_INST__LATE_30__mean,f1201_EXTRA_INST__LATE_30__mean
EXTRA_INST__LATE_30__max,f1202_EXTRA_INST__LATE_30__max
EXTRA_INST__EARLY_DAYS__mean,f1203_EXTRA_INST__EARLY_DAYS__mean
EXTRA_INST__EARLY_DAYS__max,f1204_EXTRA_INST__EARLY_DAYS__max
EXTRA_INST__NOT_FULL_BY_DUE__mean,f1205_EXTRA_INST__NOT_FULL_BY_DUE__mean
EXTRA_INST__NOT_FULL_BY_DUE__max,f1206_EXTRA_INST__NOT_FULL_BY_DUE__max
EXTRA_INST__DAYS_LATE_COMPLETION__mean,f1207_EXTRA_INST__DAYS_LATE_COMPLETION__mean
EXTRA_INST__DAYS_LATE_COMPLETION__max,f1208_EXTRA_INST__DAYS_LATE_COMPLETION__max
EXTRA_INST__LATE_DUE__max,f1209_EXTRA_INST__LATE_DUE__max
EXTRA_INST_LAST3__N_ROWS,f1210_EXTRA_INST_LAST3__N_ROWS
EXTRA_INST_LAST3__ON_TIME_RATIO__mean,f1211_EXTRA_INST_LAST3__ON_TIME_RATIO__mean
EXTRA_INST_LAST3__ON_TIME_RATIO__max,f1212_EXTRA_INST_LAST3__ON_TIME_RATIO__max
EXTRA_INST_LAST3__SHORTFALL_BY_DUE__mean,f1213_EXTRA_INST_LAST3__SHORTFALL_BY_DUE__mean
EXTRA_INST_LAST3__SHORTFALL_BY_DUE__max,f1214_EXTRA_INST_LAST3__SHORTFALL_BY_DUE__max
EXTRA_INST_LAST3__LATE_7__mean,f1215_EXTRA_INST_LAST3__LATE_7__mean
EXTRA_INST_LAST3__LATE_7__max,f1216_EXTRA_INST_LAST3__LATE_7__max
EXTRA_INST_LAST3__LATE_30__mean,f1217_EXTRA_INST_LAST3__LATE_30__mean
EXTRA_INST_LAST3__LATE_30__max,f1218_EXTRA_INST_LAST3__LATE_30__max
EXTRA_INST_LAST3__EARLY_DAYS__mean,f1219_EXTRA_INST_LAST3__EARLY_DAYS__mean
EXTRA_INST_LAST3__EARLY_DAYS__max,f1220_EXTRA_INST_LAST3__EARLY_DAYS__max
EXTRA_INST_LAST3__NOT_FULL_BY_DUE__mean,f1221_EXTRA_INST_LAST3__NOT_FULL_BY_DUE__mean
EXTRA_INST_LAST3__NOT_FULL_BY_DUE__max,f1222_EXTRA_INST_LAST3__NOT_FULL_BY_DUE__max
EXTRA_INST_LAST3__DAYS_LATE_COMPLETION__mean,f1223_EXTRA_INST_LAST3__DAYS_LATE_COMPLETION__mean
EXTRA_INST_LAST3__DAYS_LATE_COMPLETION__max,f1224_EXTRA_INST_LAST3__DAYS_LATE_COMPLETION__max
EXTRA_INST_LAST3__LATE_DUE__max,f1225_EXTRA_INST_LAST3__LATE_DUE__max
EXTRA_INST_LAST10__N_ROWS,f1226_EXTRA_INST_LAST10__N_ROWS
EXTRA_INST_LAST10__ON_TIME_RATIO__mean,f1227_EXTRA_INST_LAST10__ON_TIME_RATIO__mean
EXTRA_INST_LAST10__ON_TIME_RATIO__max,f1228_EXTRA_INST_LAST10__ON_TIME_RATIO__max
EXTRA_INST_LAST10__SHORTFALL_BY_DUE__mean,f1229_EXTRA_INST_LAST10__SHORTFALL_BY_DUE__mean
EXTRA_INST_LAST10__SHORTFALL_BY_DUE__max,f1230_EXTRA_INST_LAST10__SHORTFALL_BY_DUE__max
EXTRA_INST_LAST10__LATE_7__mean,f1231_EXTRA_INST_LAST10__LATE_7__mean
EXTRA_INST_LAST10__LATE_7__max,f1232_EXTRA_INST_LAST10__LATE_7__max
EXTRA_INST_LAST10__LATE_30__mean,f1233_EXTRA_INST_LAST10__LATE_30__mean
EXTRA_INST_LAST10__LATE_30__max,f1234_EXTRA_INST_LAST10__LATE_30__max
EXTRA_INST_LAST10__EARLY_DAYS__mean,f1235_EXTRA_INST_LAST10__EARLY_DAYS__mean
EXTRA_INST_LAST10__EARLY_DAYS__max,f1236_EXTRA_INST_LAST10__EARLY_DAYS__max
EXTRA_INST_LAST10__NOT_FULL_BY_DUE__mean,f1237_EXTRA_INST_LAST10__NOT_FULL_BY_DUE__mean
EXTRA_INST_LAST10__NOT_FULL_BY_DUE__max,f1238_EXTRA_INST_LAST10__NOT_FULL_BY_DUE__max
EXTRA_INST_LAST10__DAYS_LATE_COMPLETION__mean,f1239_EXTRA_INST_LAST10__DAYS_LATE_COMPLETION__mean
EXTRA_INST_LAST10__DAYS_LATE_COMPLETION__max,f1240_EXTRA_INST_LAST10__DAYS_LATE_COMPLETION__max
EXTRA_INST_LAST10__LATE_DUE__max,f1241_EXTRA_INST_LAST10__LATE_DUE__max
EXTRA_INST__NOT_FULL_BY_DUE__DECAY_MEAN,f1242_EXTRA_INST__NOT_FULL_BY_DUE__DECAY_MEAN
EXTRA_INST__DAYS_LATE_COMPLETION__DECAY_MEAN,f1243_EXTRA_INST__DAYS_LATE_COMPLETION__DECAY_MEAN
EXTRA_INST__ON_TIME_RATIO__DECAY_MEAN,f1244_EXTRA_INST__ON_TIME_RATIO__DECAY_MEAN
EXTRA_INST__HAS_HISTORY,f1245_EXTRA_INST__HAS_HISTORY
EXTRA_CROSS__BUREAU_DEBT_INCOME,f1246_EXTRA_CROSS__BUREAU_DEBT_INCOME
EXTRA_CROSS__CURRENT_PREV_CREDIT,f1247_EXTRA_CROSS__CURRENT_PREV_CREDIT
EXTRA_CROSS__CURRENT_PREV_ANNUITY,f1248_EXTRA_CROSS__CURRENT_PREV_ANNUITY
EXTRA_CROSS__BUREAU_OVERDUE_INCOME,f1249_EXTRA_CROSS__BUREAU_OVERDUE_INCOME
