feature,importance
f0129_EXT_MEAN,0.027252553
f0142_EXTRA_APP__EXT_AGE,0.020555124
f0130_EXT_MIN,0.010748327
f0138_EXTRA_APP__EXT_SOURCE_2_EXT_SOURCE_3_PRODUCT,0.00934661
R2_PREV_APPROVED__FIRST_TO_LAST_DUE__std,0.0062471414
f0260_BUREAU__DEBT_RATIO__mean,0.005970037
f0011_NAME_EDUCATION_TYPE,0.00578764
f0262_BUREAU__DEBT_RATIO__max,0.0053587523
f0143_EXTRA_APP__EXT_EMPLOYED,0.005223222
f0131_EXT_MAX,0.00474068
f1243_EXTRA_INST__DAYS_LATE_COMPLETION__DECAY_MEAN,0.0043614777
f0935_CC_6M__UTILIZATION__max,0.0043528443
R2_PREV_730D__TOTAL_COST_RATIO__max,0.0041631167
R2_BUREAU_730D__DEBT_TO_CREDIT__max,0.004051186
R2_APP__EXT_WEIGHTED,0.0040267967
R2_PREV_CASH__TOTAL_COST_RATIO__mean,0.0039439737
f1051_CC_LAST__UTILIZATION__mean,0.0039431104
f1227_EXTRA_INST_LAST10__ON_TIME_RATIO__mean,0.0037088313
f0126_GOODS_CREDIT_RATIO,0.0035294348
f1244_EXTRA_INST__ON_TIME_RATIO__DECAY_MEAN,0.0035155565
f1232_EXTRA_INST_LAST10__LATE_7__max,0.0034761804
f1242_EXTRA_INST__NOT_FULL_BY_DUE__DECAY_MEAN,0.0034703328
f1052_CC_LAST__UTILIZATION__max,0.0034006825
f0333_BUREAU_ACTIVE__DEBT_RATIO__max,0.0033423046
f1231_EXTRA_INST_LAST10__LATE_7__mean,0.0033155987
f0715_EXTRA_PREV__REFUSED__mean,0.0032547547
f0460_PREV__DAYS_FIRST_DRAWING_SENTINEL__mean,0.0031793683
f0964_CC_12M__UTILIZATION__max,0.003057444
f1108_INST_180D__NOT_FULL_BY_DUE__max,0.0030324694
f1139_INST_365D__UNKNOWN_PARTS__max,0.0026550463
f0318_BUREAU_ACTIVE__AMT_CREDIT_SUM_OVERDUE__sum,0.0026198854
f1056_CC_LAST__CASH_SHARE__max,0.002548649
R2_PREV_ALL__CREDIT_GOODS_RATIO__mean,0.0025292411
f0477_PREV__NAME_CONTRACT_STATUS__Refused__SHARE,0.0025200315
f1163_INST_CLIENT__INST_LOAN__NOT_FULL_BY_DUE__max__mean,0.002440124
f1001_CC_CLIENT__CC_LOAN__CNT_DRAWINGS_CURRENT__mean__max,0.0024341338
f1248_EXTRA_CROSS__CURRENT_PREV_ANNUITY,0.0024319468
f0331_BUREAU_ACTIVE__DEBT_RATIO__mean,0.0023893048
f1239_EXTRA_INST_LAST10__DAYS_LATE_COMPLETION__mean,0.0023019477
f0796_POS_6M__SK_DPD_DEF__mean,0.0022988436
R2_PREV_ALL__END_SCHEDULE_CHANGE__std,0.0022693286
f0475_PREV__NAME_CONTRACT_STATUS__Approved__SHARE,0.0022446301
f0442_PREV__DAYS_FIRST_DRAWING__mean,0.0022243557
f0512_PREV_APPROVED__AMT_DOWN_PAYMENT__max,0.0022147747
R2_APP__CREDIT_DOWNPAYMENT_PROXY,0.0021904085
f0001_CODE_GENDER,0.0021882316
f0317_BUREAU_ACTIVE__AMT_CREDIT_SUM_OVERDUE__max,0.0021563503
f0939_CC_6M__CASH_SHARE__max,0.0021163088
R2_APP__EXT_PRODUCT_ALL,0.0021110915
R2_APP__DOCUMENT_KURTOSIS,0.002042675
R2_PREV_APPROVED__SCHEDULED_REPAYMENT_GAP__std,0.0020390123
R2_PREV_CASH__TOTAL_COST_RATIO__max,0.002009812
f1098_INST__PAID__sum,0.0019230886
R2_PREV_ALL__OBSERVED_REPAYMENT_RATIO__mean,0.0019219673
f0041_EXT_SOURCE_3,0.0018900258
f0145_EXTRA_APP__GOODS_CREDIT_DIFF,0.0018830416
f0019_OWN_CAR_AGE,0.0018807193
f0136_EXTRA_APP__EXT_SOURCE_1_EXT_SOURCE_2_PRODUCT,0.0018758777
f0026_OCCUPATION_TYPE,0.0018694133
R2_PREV_APPROVED__END_SCHEDULE_CHANGE__std,0.0018450624
R2_PREV_ALL__FIRST_TO_LAST_DUE__std,0.0018428025
f1240_EXTRA_INST_LAST10__DAYS_LATE_COMPLETION__max,0.0018425729
f0719_EXTRA_PREV__REFUSED_DAY__max,0.00184227
f0836_POS_CLIENT__POS_LOAN__HAS_DPD__max__mean,0.0018352652
R2_PREV_APPROVED__OBSERVED_REPAYMENT_RATIO__mean,0.0018350214
R2_APP__EXT_SOURCE_1_BY_DAYS_BIRTH,0.0018313281
f1230_EXTRA_INST_LAST10__SHORTFALL_BY_DUE__max,0.0018272166
f0952_CC_12M__AMT_DRAWINGS_ATM_CURRENT__max,0.001823511
f0002_FLAG_OWN_CAR,0.0018209809
f0802_POS_6M__CNT_INSTALMENT_FUTURE__mean,0.0017918529
R2_BUREAU_CARD__DEBT_TO_CREDIT__max,0.0017508591
PEER_REGION_RATING_CLIENT_NAME_INCOME_TYPE__AMT_CREDIT_DIFF,0.0017475205
f0846_POS_CLIENT__POS_LOAN__REMAINING_SHARE__mean__mean,0.001686688
f0769_POS_ROW__N_ROWS,0.0016866416
f0125_CREDIT_ANNUITY_RATIO,0.0016593119
f1215_EXTRA_INST_LAST3__LATE_7__mean,0.0016590507
f0813_POS_12M__HAS_DPD__mean,0.0016438278
f0951_CC_12M__AMT_DRAWINGS_ATM_CURRENT__mean,0.0016153898
f1054_CC_LAST__PAYMENT_MIN_RATIO__max,0.0015868428
f1249_EXTRA_CROSS__BUREAU_OVERDUE_INCOME,0.0015730655
f0347_BUREAU_RECENT_1Y__DAYS_CREDIT_ENDDATE__mean,0.001572616
f0286_BUREAU__CREDIT_TYPE__Microloan__SHARE,0.0015401025
f0958_CC_12M__CNT_DRAWINGS_CURRENT__max,0.0015324701
f0063_FLOORSMAX_MODE,0.0015205207
f0803_POS_6M__CNT_INSTALMENT_FUTURE__max,0.0015060185
f1034_CC_LAST__AMT_BALANCE__max,0.0015053786
f0246_BUREAU__AMT_CREDIT_SUM_OVERDUE__max,0.0015034552
f0008_AMT_GOODS_PRICE,0.0015030954
f1096_INST__EXPECTED__sum,0.0014900191
f0010_NAME_INCOME_TYPE,0.0014826738
f0922_CC_6M__AMT_DRAWINGS_ATM_CURRENT__mean,0.0014661505
f0444_PREV__DAYS_FIRST_DRAWING__max,0.001465259
f0597_PREV_REFUSED__CNT_PAYMENT__max,0.0014595665
f1055_CC_LAST__CASH_SHARE__mean,0.001455803
PEER_NAME_EDUCATION_TYPE_CODE_GENDER__EXT_SOURCE_3_DIFF,0.0014523842
f0811_POS_12M__SK_DPD_DEF__mean,0.0014508581
f0780_POS_ROW__REMAINING_SHARE__mean,0.0014270537
R2_APP__EXT_SOURCE_1_BY_AMT_ANNUITY,0.0014196879
f0832_POS_CLIENT__POS_LOAN__SK_DPD_DEF__max__mean,0.0014183562
f0095_FLAG_DOCUMENT_3,0.0014026911
f0809_POS_12M__SK_DPD__mean,0.0013967655
R2_PREV_ALL__TOTAL_COST_RATIO__max,0.0013913801
f0029_REGION_RATING_CLIENT_W_CITY,0.0013871532
f0090_DEF_30_CNT_SOCIAL_CIRCLE,0.0013676687
f1229_EXTRA_INST_LAST10__SHORTFALL_BY_DUE__mean,0.0013657061
R2_BUREAU_CARD__DEBT_MINUS_CREDIT__mean,0.0013640692
R2_APP__EXT_SOURCE_3_BY_AMT_ANNUITY,0.0013636175
f1130_INST_365D__NOT_FULL_BY_DUE__mean,0.0013578465
f0830_POS_CLIENT__POS_LOAN__SK_DPD_DEF__mean__mean,0.0013571286
f0857_POS_LAST__SK_DPD_DEF__mean,0.0013568143
f0049_FLOORSMAX_AVG,0.0013476204
PEER_NAME_EDUCATION_TYPE_CODE_GENDER__AMT_CREDIT_DIFF,0.0013447253
f1107_INST_180D__NOT_FULL_BY_DUE__mean,0.0013426285
PEER_REGION_RATING_CLIENT_NAME_INCOME_TYPE__AMT_ANNUITY_DIFF,0.0013311766
f0842_POS_CLIENT__POS_LOAN__CNT_INSTALMENT_FUTURE__mean__mean,0.0013037515
PEER_REGION_RATING_CLIENT_NAME_INCOME_TYPE__AMT_CREDIT_RATIO,0.0013024294
f0854_POS_LAST__N_ROWS,0.0012992298
f0761_EXTRA_PREV_LAST5__REFUSED__mean,0.0012990924
f1188_INST_CLIENT__INST_LOAN__EXPECTED__mean__max,0.0012836624
f1190_INST_CLIENT__INST_LOAN__PAID__sum__max,0.001281162
f1211_EXTRA_INST_LAST3__ON_TIME_RATIO__mean,0.0012778076
f1169_INST_CLIENT__INST_LOAN__DAYS_SINCE_DUE_IF_UNDERPAID__mean__mean,0.0012693263
f0963_CC_12M__UTILIZATION__mean,0.0012689362
f1138_INST_365D__UNKNOWN_PARTS__mean,0.0012659148
f0140_EXTRA_APP__EXT_SOURCE_1_EXT_SOURCE_3_PRODUCT,0.001263488
f0288_BUREAU__CREDIT_TYPE__Mortgage__SHARE,0.0012570475
f0808_POS_12M__N_ROWS,0.0012545595
f0321_BUREAU_ACTIVE__AMT_CREDIT_MAX_OVERDUE__max,0.0012452378
f0070_APARTMENTS_MEDI,0.0012390537
f1133_INST_365D__DAYS_LATE_COMPLETION__max,0.0012221005
f0012_NAME_FAMILY_STATUS,0.0012217232
f0121_AGE_YEARS,0.0012210225
R2_BUREAU_LAST__DEBT_TO_CREDIT,0.0012187356
f1132_INST_365D__DAYS_LATE_COMPLETION__mean,0.0012174577
f0417_PREV__AMT_DOWN_PAYMENT__max,0.0012008812
R2_APP__EXT_SOURCE_2_BY_AMT_ANNUITY,0.001198226
f0192_BB_CLIENT__BB_12M__MONTHS_BALANCE__min__max,0.0011951604
f0938_CC_6M__CASH_SHARE__mean,0.0011935284
f1158_INST_CLIENT__INST_LOAN__UNDERPAID__mean__max,0.0011896827
f0592_PREV_REFUSED__DAYS_DECISION__mean,0.0011883741
R2_APP__INCOME_AFTER_ANNUITY,0.0011816751
f0122_EMPLOYED_YEARS,0.0011763124
R2_SCHEDULE_ACTIVE__SCHEDULED_REPAYMENT_GAP__sum,0.00117485
f0977_CC_CLIENT__CC_LOAN__AMT_BALANCE__mean__max,0.0011732705
f0362_BUREAU_RECENT_1Y__AMT_CREDIT_SUM__sum,0.001162324
f0371_BUREAU_RECENT_1Y__AMT_CREDIT_MAX_OVERDUE__mean,0.0011526217
f0038_ORGANIZATION_TYPE,0.0011516646
f0385_BUREAU_RECENT_1Y__DEBT_RATIO__max,0.0011499705
R2_PREV_CASH__SIMPLE_COST_PER_MONTH__max,0.0011495757
f1156_INST_CLIENT__INST_LOAN__SHORTFALL__max__max,0.0011490063
R2_BUREAU_730D__AMT_CREDIT_MAX_OVERDUE__max,0.0011483633
f0244_BUREAU__AMT_CREDIT_SUM_OVERDUE__mean,0.0011482573
f0886_CC_ROW__AMT_DRAWINGS_ATM_CURRENT__mean,0.0011422591
R2_PREV_ALL__SIMPLE_COST_PER_MONTH__mean,0.0011381943
f0782_POS_ROW__MONTHS_BALANCE__min,0.0011346097
f0812_POS_12M__SK_DPD_DEF__max,0.0011340099
R2_PREV_ALL__SCHEDULED_REPAYMENT_GAP__std,0.0011253327
f0892_CC_ROW__CNT_DRAWINGS_CURRENT__mean,0.0011241792
f0197_BB_CLIENT__BB_12M__DELINQUENT__max__mean,0.0011226729
f0146_EXTRA_APP__CAR_AGE_RATIO,0.0011187036
R2_APP__EXT_SOURCE_3_BY_DAYS_BIRTH,0.001116763
R2_PREV_730D__SIMPLE_COST_PER_MONTH__max,0.0011159226
R2_BUREAU_LAST__AMT_CREDIT_MAX_OVERDUE,0.0011009619
f0949_CC_12M__AMT_DRAWINGS_CURRENT__mean,0.0010992072
R2_PREV_APPROVED__SIMPLE_COST_PER_MONTH__mean,0.0010960646
f0349_BUREAU_RECENT_1Y__DAYS_CREDIT_ENDDATE__max,0.0010942603
f0539_PREV_APPROVED__DAYS_FIRST_DRAWING__max,0.0010884368
f0211_EXTRA_BB__EXTRA_BB_LOAN__N_ROWS__mean,0.0010872547
f1077_INST__N_ROWS,0.001085344
R2_PREV_APPROVED__END_SCHEDULE_CHANGE__mean,0.0010829109
f0804_POS_6M__REMAINING_SHARE__mean,0.0010770548
PEER_OCCUPATION_TYPE_CODE_GENDER__EXT_SOURCE_3_RATIO,0.0010729814
R2_PREV_730D__SIMPLE_COST_PER_MONTH__mean,0.0010618615
PEER_ORGANIZATION_TYPE__AMT_CREDIT_RATIO,0.0010617132
f0042_APARTMENTS_AVG,0.0010602584
f0749_EXTRA_PREV__PRODUCT_COMBINATION__POS_other_with_interest__SHARE,0.0010560898
f0587_PREV_REFUSED__HOUR_APPR_PROCESS_START__min,0.0010518937
f0945_CC_12M__AMT_BALANCE__mean,0.0010500412
PEER_ORGANIZATION_TYPE__EXT_SOURCE_2_RATIO,0.0010483327
f0201_BB_CLIENT__BB_12M__SEVERITY__mean__mean,0.0010408649
f1103_INST_180D__SHORTFALL__mean,0.001034508
f0543_PREV_APPROVED__DAYS_LAST_DUE_1ST_VERSION__mean,0.0010242949
R2_BUREAU_90D__CLOSE_SCHEDULE_GAP__max,0.0010218851
f0530_PREV_APPROVED__APPLICATION_CREDIT_RATIO__max,0.0010178708
f0678_PREV_RECENT_1Y__DAYS_FIRST_DRAWING__min,0.0010140185
f0765_EXTRA_PREV_LAST5__REFUSED_DAY__max,0.0010073466
R2_BUREAU_CONSUMER__DEBT_TO_CREDIT__std,0.0009983749
f0199_BB_CLIENT__BB_12M__DELINQUENT__sum__mean,0.000996254
R2_PREV_ALL__OBSERVED_REPAYMENT_RATIO__std,0.0009907384
PEER_REGION_RATING_CLIENT_NAME_INCOME_TYPE__AMT_ANNUITY_RATIO,0.0009821162
f1094_INST__DUE__min,0.0009810219
f1134_INST_365D__DAYS_SINCE_DUE_IF_UNDERPAID__mean,0.0009797001
PEER_NAME_EDUCATION_TYPE_CODE_GENDER__EXT_SOURCE_3_RATIO,0.0009796136
R2_BUREAU_730D__DEBT_MINUS_CREDIT__max,0.00097360555
f0319_BUREAU_ACTIVE__AMT_CREDIT_MAX_OVERDUE__mean,0.0009694821
R2_PREV_CASH__FIRST_TO_LAST_DUE__max,0.00096789945
f1064_EXTRA_CC_TREND__UTILIZATION__SLOPE__max,0.00096175744
f0427_PREV__DAYS_DECISION__mean,0.00096162234
f0263_BUREAU__OVERDUE_RATIO__mean,0.0009588494
f0823_POS_CLIENT__N_ROWS,0.0009572402
f0134_DOCUMENT_COUNT,0.00095688994
PEER_REGION_RATING_CLIENT_NAME_INCOME_TYPE__EXT_SOURCE_3_RATIO,0.0009558172
f0092_DEF_60_CNT_SOCIAL_CIRCLE,0.0009510211
f0402_EXTRA_BUREAU__ACTIVE__mean,0.00095010665
f0864_POS_LAST__CNT_INSTALMENT_FUTURE__max,0.00094641227
f0929_CC_6M__CNT_DRAWINGS_CURRENT__max,0.0009455385
f0239_BUREAU__AMT_CREDIT_SUM__sum,0.0009445766
f0515_PREV_APPROVED__AMT_GOODS_PRICE__max,0.0009314551
R2_PREV_ALL__SCHEDULED_REPAYMENT_GAP__mean,0.0009267501
f0821_POS_12M__MONTHS_BALANCE__min,0.0009236526
f1040_CC_LAST__AMT_DRAWINGS_ATM_CURRENT__max,0.0009212627
f0817_POS_12M__CNT_INSTALMENT_FUTURE__mean,0.00091311225
R2_BUREAU_730D__AMT_CREDIT_SUM__max,0.00091121055
f1002_CC_CLIENT__CC_LOAN__CNT_DRAWINGS_CURRENT__max__mean,0.00090982293
R2_PREV_APPROVED__FIRST_TO_LAST_DUE__mean,0.0009096106
f1015_CC_CLIENT__CC_LOAN__UTILIZATION__max__max,0.00090381847
f0877_EXTRA_POS__MONTHS_SINCE_DPD,0.0009026154
R2_PREV_APPROVED__SCHEDULED_REPAYMENT_GAP__mean,0.00090113527
R2_BUREAU_CARD__DEBT_MINUS_CREDIT__max,0.0009010414
f0685_PREV_RECENT_1Y__DAYS_LAST_DUE_1ST_VERSION__max,0.0009000838
f0028_REGION_RATING_CLIENT,0.00089938974
f0825_POS_CLIENT__POS_LOAN__N_ROWS__max,0.0008984004
f1126_INST_365D__SHORTFALL__mean,0.00089462963
f0386_BUREAU_RECENT_1Y__OVERDUE_RATIO__mean,0.00089449855
R2_PREV_CASH__SCHEDULED_REPAYMENT_GAP__mean,0.00089435274
f0248_BUREAU__AMT_CREDIT_MAX_OVERDUE__mean,0.0008916594
f0797_POS_6M__SK_DPD_DEF__max,0.0008909427
R2_PREV_730D__CREDIT_GOODS_RATIO__max,0.0008897855
R2_PREV_CASH__OBSERVED_REPAYMENT_RATIO__max,0.00088762096
f0367_BUREAU_RECENT_1Y__AMT_CREDIT_SUM_OVERDUE__mean,0.00088570674
f1186_INST_CLIENT__INST_LOAN__EXPECTED__sum__max,0.00088216853
f1039_CC_LAST__AMT_DRAWINGS_ATM_CURRENT__mean,0.00087981817
PEER_OCCUPATION_TYPE_CODE_GENDER__AMT_CREDIT_RATIO,0.00087963627
R2_BUREAU_CONSUMER__AMT_CREDIT_SUM_DEBT__mean,0.00087911566
f0372_BUREAU_RECENT_1Y__AMT_CREDIT_MAX_OVERDUE__min,0.0008758827
f0015_DAYS_BIRTH,0.0008730586
f0150_EXTRA_APP__EXT_SOURCE_1_MISSING,0.0008725557
R2_BUREAU_730D__AMT_CREDIT_SUM__std,0.000867643
R2_PREV_CASH__SIMPLE_COST_PER_MONTH__mean,0.00086045475
f1152_INST_CLIENT__INST_LOAN__PAYMENT_RATIO__max__max,0.0008579475
f0600_PREV_REFUSED__APPLICATION_CREDIT_RATIO__max,0.00085765903
f0394_BUREAU_RECENT_1Y__DURATION__max,0.00085316965
f0392_BUREAU_RECENT_1Y__DURATION__mean,0.000849888
f0022_FLAG_WORK_PHONE,0.0008494903
f0710_PREV_LAST__NAME_CONTRACT_STATUS,0.0008483555
f0448_PREV__DAYS_LAST_DUE_1ST_VERSION__mean,0.00084766216
f0578_PREV_REFUSED__AMT_CREDIT__min,0.00084736437
f0810_POS_12M__SK_DPD__max,0.0008468788
R2_BUREAU_730D__AMT_CREDIT_MAX_OVERDUE__mean,0.0008377833
f1161_INST_CLIENT__INST_LOAN__NOT_FULL_BY_DUE__mean__mean,0.00083448406
f0212_EXTRA_BB__EXTRA_BB_LOAN__N_ROWS__max,0.000833094
f0831_POS_CLIENT__POS_LOAN__SK_DPD_DEF__mean__max,0.00083295244
f0550_PREV_APPROVED__DAYS_TERMINATION__min,0.00083267374
f1000_CC_CLIENT__CC_LOAN__CNT_DRAWINGS_CURRENT__mean__mean,0.000830914
f0401_EXTRA_BUREAU__ACTIVE__sum,0.00083026604
R2_PREV_CASH__OBSERVED_REPAYMENT_RATIO__mean,0.0008265557
f0343_BUREAU_RECENT_1Y__N_ROWS,0.0008246255
f0373_BUREAU_RECENT_1Y__AMT_CREDIT_MAX_OVERDUE__max,0.0008240693
f0272_BUREAU__CREDIT_ACTIVE__Active__SHARE,0.00082384003
R2_BUREAU_90D__DEBT_MINUS_CREDIT__max,0.00082034484
f0863_POS_LAST__CNT_INSTALMENT_FUTURE__mean,0.000816328
R2_BUREAU_90D__AMT_CREDIT_SUM__std,0.0008151919
PEER_ORGANIZATION_TYPE__EXT_SOURCE_3_RATIO,0.00081515335
R2_BUREAU_CONSUMER__CREDIT_TERM__mean,0.00081165024
f1116_INST_180D__UNKNOWN_PARTS__max,0.0008113401
f0737_EXTRA_PREV__PRODUCT_COMBINATION__Cash_Street_high__SHARE,0.00080972374
f0035_REG_CITY_NOT_LIVE_CITY,0.0008089242
f1175_INST_CLIENT__INST_LOAN__PARTS__max__mean,0.00080855034
f0988_CC_CLIENT__CC_LOAN__AMT_DRAWINGS_ATM_CURRENT__mean__mean,0.00080798275
R2_BUREAU_CONSUMER__AMT_CREDIT_MAX_OVERDUE__mean,0.0008069726
f0753_EXTRA_PREV_LAST3__REFUSED__mean,0.00080681674
PEER_ORGANIZATION_TYPE__EXT_SOURCE_3_DIFF,0.0008048704
f1035_CC_LAST__AMT_CREDIT_LIMIT_ACTUAL__mean,0.0008031432
R2_PREV_CASH__SCHEDULED_REPAYMENT_GAP__max,0.00080120744
f0868_POS_LAST__MONTHS_BALANCE__max,0.00079907995
f0195_BB_CLIENT__BB_12M__DELINQUENT__mean__mean,0.00079695694
f1224_EXTRA_INST_LAST3__DAYS_LATE_COMPLETION__max,0.00079476007
f0039_EXT_SOURCE_1,0.00079304207
f0040_EXT_SOURCE_2,0.00078813394
R2_PREV_APPROVED__SCHEDULED_REPAYMENT_GAP__max,0.00078571733
PEER_OCCUPATION_TYPE_CODE_GENDER__EXT_SOURCE_3_DIFF,0.00078262907
R2_PREV_APPROVED__TOTAL_COST_RATIO__mean,0.0007819838
f0850_POS_CLIENT__POS_LOAN__MONTHS_BALANCE__min__mean,0.0007812476
f0124_ANNUITY_INCOME_RATIO,0.0007795904
f1165_INST_CLIENT__INST_LOAN__DAYS_LATE_COMPLETION__mean__mean,0.00077913114
R2_BUREAU_730D__COUNT,0.00077870867
f0007_AMT_ANNUITY,0.0007786449
f1003_CC_CLIENT__CC_LOAN__CNT_DRAWINGS_CURRENT__max__max,0.00077789085
f0018_DAYS_ID_PUBLISH,0.00077726674
PEER_OCCUPATION_TYPE_CODE_GENDER__AMT_ANNUITY_DIFF,0.0007745939
f0403_EXTRA_BUREAU__ENDS_FUTURE__mean,0.00077454926
f0891_CC_ROW__AMT_INST_MIN_REGULARITY__max,0.00077437394
R2_BUREAU_90D__AMT_CREDIT_MAX_OVERDUE__max,0.00077288836
R2_PREV_CASH__COUNT,0.0007724621
f0361_BUREAU_RECENT_1Y__AMT_CREDIT_SUM__max,0.0007723471
f1183_INST_CLIENT__INST_LOAN__DUE__max__mean,0.00077163376
f0936_CC_6M__PAYMENT_MIN_RATIO__mean,0.0007712736
f0221_BUREAU__DAYS_CREDIT__mean,0.0007706398
f0073_YEARS_BUILD_MEDI,0.00076886854
R2_PREV_ALL__END_SCHEDULE_CHANGE__mean,0.00076645974
f0683_PREV_RECENT_1Y__DAYS_LAST_DUE_1ST_VERSION__mean,0.0007649568
f1194_EXTRA_INST__N_ROWS,0.00076416635
f0893_CC_ROW__CNT_DRAWINGS_CURRENT__max,0.00076360727
R2_PREV_ALL__SCHEDULED_REPAYMENT_GAP__max,0.0007632451
R2_BUREAU_CONSUMER__AMT_CREDIT_MAX_OVERDUE__max,0.0007631614
f0238_BUREAU__AMT_CREDIT_SUM__max,0.00075859803
f0903_CC_ROW__CASH_SHARE__max,0.00075713266
f0871_EXTRA_POS_TREND__SK_DPD__SLOPE__mean,0.00075535686
f0086_TOTALAREA_MODE,0.00075086096
R2_PREV_730D__OBSERVED_REPAYMENT_RATIO__max,0.00075028156
f0946_CC_12M__AMT_BALANCE__max,0.0007494363
f1100_INST_180D__N_ROWS,0.0007480869
f1033_CC_LAST__AMT_BALANCE__mean,0.0007440434
f0052_LIVINGAPARTMENTS_AVG,0.0007420179
f0937_CC_6M__PAYMENT_MIN_RATIO__max,0.0007417445
f0489_PREV__NAME_YIELD_GROUP__low_action__SHARE,0.00074052426
f0053_LIVINGAREA_AVG,0.00074038474
f0739_EXTRA_PREV__PRODUCT_COMBINATION__Cash_Street_middle__SHARE,0.0007399975
f0729_EXTRA_PREV__CODE_REJECT_REASON__XAP__SHARE,0.0007390257
R2_SCHEDULE_ACTIVE__SCHEDULED_REPAYMENT_GAP__max,0.00073848455
f1104_INST_180D__SHORTFALL__max,0.00073822815
f0887_CC_ROW__AMT_DRAWINGS_ATM_CURRENT__max,0.0007369966
f0910_CC_ROW__NAME_CONTRACT_STATUS__Completed__SHARE,0.00073696335
f1122_INST_180D__PAID__mean,0.0007358261
R2_PREV_ALL__TOTAL_COST_RATIO__std,0.00073520164
f0208_BB_CLIENT__BB_LAST_SEVERITY__max,0.0007345689
f0655_PREV_RECENT_1Y__AMT_GOODS_PRICE__max,0.00073398417
R2_PREV_ALL__TOTAL_COST_RATIO__mean,0.0007338959
f1214_EXTRA_INST_LAST3__SHORTFALL_BY_DUE__max,0.0007335944
f0537_PREV_APPROVED__DAYS_FIRST_DRAWING__mean,0.00073319284
f1123_INST_365D__N_ROWS,0.0007319672
f0518_PREV_APPROVED__HOUR_APPR_PROCESS_START__max,0.00073194795
PEER_ORGANIZATION_TYPE__AMT_ANNUITY_RATIO,0.00072959374
f0716_EXTRA_PREV__APPROVED__mean,0.0007287933
f0545_PREV_APPROVED__DAYS_LAST_DUE_1ST_VERSION__max,0.00072822673
f0291_BUREAU_ACTIVE__N_ROWS,0.0007260696
f0360_BUREAU_RECENT_1Y__AMT_CREDIT_SUM__min,0.0007258516
f1235_EXTRA_INST_LAST10__EARLY_DAYS__mean,0.0007255519
f1219_EXTRA_INST_LAST3__EARLY_DAYS__mean,0.000723373
f0541_PREV_APPROVED__DAYS_FIRST_DUE__min,0.0007233685
R2_BUREAU_CONSUMER__DEBT_MINUS_CREDIT__mean,0.0007232901
f0668_PREV_RECENT_1Y__APPLICATION_CREDIT_RATIO__mean,0.0007230005
f1029_CC_CLIENT__CC_LOAN__MONTHS_BALANCE__min__max,0.0007202145
f1223_EXTRA_INST_LAST3__DAYS_LATE_COMPLETION__mean,0.0007201419
f0213_EXTRA_BB__EXTRA_BB_LOAN__BAD_RUN__max__mean,0.00071999646
R2_BUREAU_90D__AMT_CREDIT_SUM__max,0.00071789435
PEER_NAME_EDUCATION_TYPE_CODE_GENDER__AMT_ANNUITY_DIFF,0.00071633584
f0450_PREV__DAYS_LAST_DUE_1ST_VERSION__max,0.00071618374
f0196_BB_CLIENT__BB_12M__DELINQUENT__mean__max,0.0007153895
f0465_PREV__DAYS_FIRST_DUE_SENTINEL__max,0.00071511493
f0087_WALLSMATERIAL_MODE,0.00071497995
f1185_INST_CLIENT__INST_LOAN__EXPECTED__sum__mean,0.0007143327
f1225_EXTRA_INST_LAST3__LATE_DUE__max,0.00071378023
f0044_YEARS_BEGINEXPLUATATION_AVG,0.00071307627
f1110_INST_180D__DAYS_LATE_COMPLETION__max,0.00071086286
f0575_PREV_REFUSED__AMT_APPLICATION__min,0.0007076573
f1196_EXTRA_INST__ON_TIME_RATIO__max,0.0007074832
f1072_EXTRA_CC__PAYMENT_MIN_RATIO__RECENT_MINUS_PREVIOUS,0.000706781
R2_BUREAU_730D__DEBT_MINUS_CREDIT__mean,0.00070567563
f1148_INST_CLIENT__INST_LOAN__N_ROWS__max,0.00070381805
f1241_EXTRA_INST_LAST10__LATE_DUE__max,0.00070381595
f0928_CC_6M__CNT_DRAWINGS_CURRENT__mean,0.0007017083
f0207_BB_CLIENT__BB_LAST_SEVERITY__mean,0.0006993371
f0833_POS_CLIENT__POS_LOAN__SK_DPD_DEF__max__max,0.0006989741
f0916_CC_6M__AMT_BALANCE__mean,0.00069846964
f1199_EXTRA_INST__LATE_7__mean,0.0006984586
R2_BUREAU_LAST__DEBT_MINUS_CREDIT,0.0006971028
f0996_CC_CLIENT__CC_LOAN__AMT_INST_MIN_REGULARITY__mean__mean,0.0006967059
R2_APP__EXT_SOURCE_1_BY_AMT_CREDIT,0.00069508643
f1053_CC_LAST__PAYMENT_MIN_RATIO__mean,0.000694977
R2_PREV_90D__TERM_RATIO__mean,0.00069402147
f1022_CC_CLIENT__CC_LOAN__CASH_SHARE__max__mean,0.0006929083
f0320_BUREAU_ACTIVE__AMT_CREDIT_MAX_OVERDUE__min,0.00069244293
f0982_CC_CLIENT__CC_LOAN__AMT_CREDIT_LIMIT_ACTUAL__max__mean,0.00068902894
f0818_POS_12M__CNT_INSTALMENT_FUTURE__max,0.0006883414
f1178_INST_CLIENT__INST_LOAN__UNKNOWN_PARTS__mean__max,0.00068818306
f1192_INST_CLIENT__INST_LOAN__PAID__mean__max,0.0006867273
R2_PREV_730D__SCHEDULED_REPAYMENT_GAP__max,0.0006866846
f1080_INST__SHORTFALL__mean,0.00068560103
R2_BUREAU_730D__CREDIT_TERM__max,0.00068480405
f0383_BUREAU_RECENT_1Y__DEBT_RATIO__mean,0.00068352954
f0191_BB_CLIENT__BB_12M__MONTHS_BALANCE__min__mean,0.000683119
f0006_AMT_CREDIT,0.0006824304
R2_BUREAU_90D__AMT_CREDIT_SUM__mean,0.0006781074
R2_BUREAU_730D__AMT_CREDIT_SUM_DEBT__std,0.0006778757
f1150_INST_CLIENT__INST_LOAN__PAYMENT_RATIO__mean__max,0.0006768966
R2_SCHEDULE_ACTIVE__SCHEDULED_REPAYMENT_GAP__sum_INCOME_RATIO,0.00067682355
f0393_BUREAU_RECENT_1Y__DURATION__min,0.00067664403
R2_BUREAU_CONSUMER__CREDIT_TERM__max,0.00067614863
f0602_PREV_REFUSED__ANNUITY_CREDIT_RATIO__min,0.00067421264
f0835_POS_CLIENT__POS_LOAN__HAS_DPD__mean__max,0.00067128526
f0594_PREV_REFUSED__DAYS_DECISION__max,0.0006710707
f0189_BB_CLIENT__BB_12M__N_ROWS__mean,0.0006704504
R2_APP__EXT_SOURCE_3_BY_AMT_CREDIT,0.0006697878
f0352_BUREAU_RECENT_1Y__DAYS_ENDDATE_FACT__max,0.0006696326
f0899_CC_ROW__UTILIZATION__max,0.00066900766
f0674_PREV_RECENT_1Y__DOWNPAYMENT_CREDIT_RATIO__mean,0.0006679203
f0757_EXTRA_PREV_LAST3__REFUSED_DAY__max,0.0006678941
f0332_BUREAU_ACTIVE__DEBT_RATIO__min,0.0006663104
f0855_POS_LAST__SK_DPD__mean,0.00066569145
f0540_PREV_APPROVED__DAYS_FIRST_DUE__mean,0.0006656649
f1197_EXTRA_INST__SHORTFALL_BY_DUE__mean,0.00066548557
f0558_PREV_APPROVED__DAYS_FIRST_DUE_SENTINEL__mean,0.00066432
R2_APP__EXT_SOURCE_2_BY_DAYS_BIRTH,0.00066410383
f0395_BUREAU__TOTAL_DEBT_RATIO,0.0006633134
R2_PREV_730D__END_SCHEDULE_CHANGE__max,0.000661667
f1177_INST_CLIENT__INST_LOAN__UNKNOWN_PARTS__mean__mean,0.00066154246
R2_BUREAU_CONSUMER__AMT_CREDIT_SUM_DEBT__std,0.0006612882
f1014_CC_CLIENT__CC_LOAN__UTILIZATION__max__mean,0.00066051225
f0510_PREV_APPROVED__AMT_DOWN_PAYMENT__mean,0.00066005264
PEER_REGION_RATING_CLIENT_NAME_INCOME_TYPE__EXT_SOURCE_3_DIFF,0.00065917044
f0223_BUREAU__DAYS_CREDIT__max,0.00065611687
f0294_BUREAU_ACTIVE__DAYS_CREDIT__max,0.0006559655
f0689_PREV_RECENT_1Y__DAYS_TERMINATION__mean,0.0006551671
f0538_PREV_APPROVED__DAYS_FIRST_DRAWING__min,0.0006549943
f0118_AMT_REQ_CREDIT_BUREAU_QRT,0.00065455755
f0163_BB_CLIENT__BB__DELINQUENT__max__mean,0.00065452966
f0800_POS_6M__CNT_INSTALMENT__mean,0.00065445324
f0865_POS_LAST__REMAINING_SHARE__mean,0.0006533464
f0202_BB_CLIENT__BB_12M__SEVERITY__mean__max,0.0006524862
f0250_BUREAU__AMT_CREDIT_MAX_OVERDUE__max,0.0006516791
f0310_BUREAU_ACTIVE__AMT_CREDIT_SUM__sum,0.00065137673
f0081_LIVINGAREA_MEDI,0.0006512898
R2_BUREAU_730D__AMT_CREDIT_SUM_DEBT__max,0.00065127504
f0599_PREV_REFUSED__APPLICATION_CREDIT_RATIO__min,0.0006505978
R2_BUREAU_730D__AMT_CREDIT_MAX_OVERDUE__std,0.0006499029
R2_PREV_730D__SCHEDULED_REPAYMENT_GAP__mean,0.00064956816
f1247_EXTRA_CROSS__CURRENT_PREV_CREDIT,0.0006489464
f0443_PREV__DAYS_FIRST_DRAWING__min,0.00064894254
f1017_CC_CLIENT__CC_LOAN__PAYMENT_MIN_RATIO__mean__max,0.00064887054
f0308_BUREAU_ACTIVE__AMT_CREDIT_SUM__min,0.00064880244
R2_BUREAU_CONSUMER__AMT_CREDIT_SUM_DEBT__max,0.00064854696
f1209_EXTRA_INST__LATE_DUE__max,0.0006484284
R2_PREV_90D__CREDIT_GOODS_RATIO__max,0.00064828066
PEER_ORGANIZATION_TYPE__AMT_CREDIT_DIFF,0.0006463687
f0898_CC_ROW__UTILIZATION__mean,0.00064608717
f0881_CC_ROW__AMT_BALANCE__max,0.00064513757
f0384_BUREAU_RECENT_1Y__DEBT_RATIO__min,0.00064475555
f0576_PREV_REFUSED__AMT_APPLICATION__max,0.00064392947
f1213_EXTRA_INST_LAST3__SHORTFALL_BY_DUE__mean,0.0006436152
f0867_POS_LAST__MONTHS_BALANCE__min,0.0006430267
f0435_PREV__APPLICATION_CREDIT_RATIO__max,0.00064209814
R2_PREV_CONSUMER__TOTAL_COST_RATIO__mean,0.0006414767
f0523_PREV_APPROVED__DAYS_DECISION__min,0.0006392909
f0556_PREV_APPROVED__DAYS_FIRST_DRAWING_SENTINEL__min,0.0006392638
PEER_OCCUPATION_TYPE_CODE_GENDER__EXT_SOURCE_2_DIFF,0.00063915417
f0741_EXTRA_PREV__PRODUCT_COMBINATION__Cash_X_Sell_low__SHARE,0.00063906645
f0148_EXTRA_APP__DAYS_ID_PUBLISH_AGE_RATIO,0.0006388825
PEER_REGION_RATING_CLIENT_NAME_INCOME_TYPE__EXT_SOURCE_2_RATIO,0.0006387198
f0919_CC_6M__AMT_CREDIT_LIMIT_ACTUAL__max,0.0006385756
f0363_BUREAU_RECENT_1Y__AMT_CREDIT_SUM_DEBT__mean,0.0006382977
f1220_EXTRA_INST_LAST3__EARLY_DAYS__max,0.0006382973
f0229_BUREAU__DAYS_ENDDATE_FACT__max,0.0006378222
R2_PREV_LAST__SIMPLE_COST_PER_MONTH,0.0006369579
R2_BUREAU_90D__CREDIT_TERM__max,0.00063584873
f0652_PREV_RECENT_1Y__AMT_DOWN_PAYMENT__max,0.0006357532
f0548_PREV_APPROVED__DAYS_LAST_DUE__max,0.00063574786
R2_BUREAU_CONSUMER__AMT_CREDIT_SUM__mean,0.0006351985
R2_PREV_ALL__CREDIT_GOODS_RATIO__max,0.0006339269
f1120_INST_180D__EXPECTED__mean,0.0006318349
R2_PREV_730D__OBSERVED_REPAYMENT_RATIO__mean,0.0006312539
f0071_BASEMENTAREA_MEDI,0.0006306182
f1198_EXTRA_INST__SHORTFALL_BY_DUE__max,0.0006296121
PEER_NAME_EDUCATION_TYPE_CODE_GENDER__EXT_SOURCE_2_DIFF,0.00062805356
f0414_PREV__AMT_CREDIT__max,0.0006277653
f0466_PREV__DAYS_LAST_DUE_1ST_VERSION_SENTINEL__mean,0.00062735414
f0924_CC_6M__AMT_PAYMENT_TOTAL_CURRENT__mean,0.0006268304
f0698_PREV_RECENT_1Y__DAYS_FIRST_DUE_SENTINEL__mean,0.00062595436
R2_BUREAU_730D__DEBT_TO_CREDIT__mean,0.000625711
R2_PREV_730D__CREDIT_GOODS_RATIO__mean,0.00062563614
R2_BUREAU_LAST__AMT_CREDIT_SUM_DEBT,0.00062524056
R2_PREV_APPROVED__OBSERVED_REPAYMENT_RATIO__std,0.0006251384
f0528_PREV_APPROVED__APPLICATION_CREDIT_RATIO__mean,0.0006244612
f0918_CC_6M__AMT_CREDIT_LIMIT_ACTUAL__mean,0.0006237851
f0772_POS_ROW__SK_DPD_DEF__mean,0.000623691
f0684_PREV_RECENT_1Y__DAYS_LAST_DUE_1ST_VERSION__min,0.0006231321
f0348_BUREAU_RECENT_1Y__DAYS_CREDIT_ENDDATE__min,0.00062234036
R2_PREV_90D__TOTAL_COST_RATIO__mean,0.00062222965
R2_BUREAU_90D__CREDIT_TERM__mean,0.00062148593
f0920_CC_6M__AMT_DRAWINGS_CURRENT__mean,0.0006213552
f0522_PREV_APPROVED__DAYS_DECISION__mean,0.00062117836
f0236_BUREAU__AMT_CREDIT_SUM__mean,0.00062095723
f0957_CC_12M__CNT_DRAWINGS_CURRENT__mean,0.0006204023
f0677_PREV_RECENT_1Y__DAYS_FIRST_DRAWING__mean,0.0006198907
f1067_EXTRA_CC_TREND__AMT_BALANCE__SLOPE__mean,0.0006180637
R2_PREV_APPROVED__TOTAL_COST_RATIO__std,0.00061773503
f1016_CC_CLIENT__CC_LOAN__PAYMENT_MIN_RATIO__mean__mean,0.0006161869
R2_PREV_CONSUMER__CREDIT_GOODS_RATIO__mean,0.0006161422
f0114_AMT_REQ_CREDIT_BUREAU_HOUR,0.0006157271
f0093_DAYS_LAST_PHONE_CHANGE,0.00061537564
f0998_CC_CLIENT__CC_LOAN__AMT_INST_MIN_REGULARITY__max__mean,0.00061499135
f0428_PREV__DAYS_DECISION__min,0.00061480864
f0292_BUREAU_ACTIVE__DAYS_CREDIT__mean,0.00061449216
f0014_REGION_POPULATION_RELATIVE,0.00061448856
f0123_CREDIT_INCOME_RATIO,0.0006142018
R2_BUREAU_CONSUMER__CLOSE_SCHEDULE_GAP__std,0.0006138849
f0723_EXTRA_PREV__CODE_REJECT_REASON__HC__SHARE,0.0006136502
f1181_INST_CLIENT__INST_LOAN__DUE__min__mean,0.0006132872
R2_PREV_CONSUMER__FIRST_TO_LAST_DUE__max,0.00061327085
R2_BUREAU_CARD__AMT_CREDIT_MAX_OVERDUE__std,0.0006127066
f1189_INST_CLIENT__INST_LOAN__PAID__sum__mean,0.0006125835
f0017_DAYS_REGISTRATION,0.0006122152
f0155_BB_CLIENT__BB__N_ROWS__mean,0.000611827
R2_PREV_730D__SCHEDULED_REPAYMENT_GAP__std,0.00061138405
f1066_EXTRA_CC_TREND__PAYMENT_MIN_RATIO__SLOPE__max,0.0006109977
f0845_POS_CLIENT__POS_LOAN__CNT_INSTALMENT_FUTURE__max__max,0.000610988
f1173_INST_CLIENT__INST_LOAN__PARTS__mean__mean,0.000610945
PEER_NAME_EDUCATION_TYPE_CODE_GENDER__AMT_CREDIT_RATIO,0.0006106397
f0994_CC_CLIENT__CC_LOAN__AMT_PAYMENT_TOTAL_CURRENT__max__mean,0.00060968165
f1127_INST_365D__SHORTFALL__max,0.0006095436
f0794_POS_6M__SK_DPD__mean,0.0006094941
R2_PREV_ALL__COUNT,0.0006094028
f0168_BB_CLIENT__BB__SEVERITY__mean__max,0.00060939067
R2_PREV_LAST__FIRST_TO_LAST_DUE,0.00060885394
PEER_NAME_EDUCATION_TYPE_CODE_GENDER__AMT_ANNUITY_RATIO,0.00060776086
f0596_PREV_REFUSED__CNT_PAYMENT__min,0.00060693227
f0828_POS_CLIENT__POS_LOAN__SK_DPD__max__mean,0.0006052431
f1119_INST_180D__EXPECTED__sum,0.0006052075
f0824_POS_CLIENT__POS_LOAN__N_ROWS__mean,0.0006051044
f0214_EXTRA_BB__EXTRA_BB_LOAN__BAD_RUN__max__max,0.00060484675
f1208_EXTRA_INST__DAYS_LATE_COMPLETION__max,0.000604687
f1195_EXTRA_INST__ON_TIME_RATIO__mean,0.00060447643
f0866_POS_LAST__REMAINING_SHARE__max,0.0006042244
f0341_BUREAU_ACTIVE__DURATION__min,0.0006038643
f0953_CC_12M__AMT_PAYMENT_TOTAL_CURRENT__mean,0.0006037252
f0453_PREV__DAYS_LAST_DUE__max,0.00060310744
R2_PREV_APPROVED__CREDIT_GOODS_RATIO__mean,0.00060284074
f0975_CC_CLIENT__CC_LOAN__N_ROWS__max,0.0006025253
R2_BUREAU_CARD__DEBT_TO_CREDIT__mean,0.00060181896
f0445_PREV__DAYS_FIRST_DUE__mean,0.0006006647
f0452_PREV__DAYS_LAST_DUE__min,0.0006004385
f0947_CC_12M__AMT_CREDIT_LIMIT_ACTUAL__mean,0.00060040154
R2_PREV_ALL__TERM_RATIO__max,0.0005995253
f0534_PREV_APPROVED__DOWNPAYMENT_CREDIT_RATIO__mean,0.00059808075
f1142_INST_365D__EXPECTED__sum,0.00059769175
R2_BUREAU_CARD__CLOSE_SCHEDULE_GAP__max,0.0005975072
f0226_BUREAU__DAYS_CREDIT_ENDDATE__max,0.000597243
f0732_EXTRA_PREV__NAME_PRODUCT_TYPE__walk_in__SHARE,0.0005971531
PEER_ORGANIZATION_TYPE__EXT_SOURCE_2_DIFF,0.00059640943
f0801_POS_6M__CNT_INSTALMENT__max,0.0005956754
f1068_EXTRA_CC_TREND__AMT_BALANCE__SLOPE__max,0.00059522607
f0890_CC_ROW__AMT_INST_MIN_REGULARITY__mean,0.00059428526
f0584_PREV_REFUSED__AMT_GOODS_PRICE__min,0.0005940457
f0586_PREV_REFUSED__HOUR_APPR_PROCESS_START__mean,0.0005933604
f1044_CC_LAST__AMT_INST_MIN_REGULARITY__max,0.00059333595
f0712_PREV_LAST__DAYS_DECISION,0.00059311546
f0820_POS_12M__REMAINING_SHARE__max,0.0005929074
f0690_PREV_RECENT_1Y__DAYS_TERMINATION__min,0.00059277745
f0156_BB_CLIENT__BB__N_ROWS__max,0.00059274095
R2_BUREAU_CARD__AMT_CREDIT_SUM_DEBT__std,0.00059210433
f0161_BB_CLIENT__BB__DELINQUENT__mean__mean,0.00059185503
f0720_EXTRA_PREV__AMT_CREDIT__mean,0.00059014844
f0974_CC_CLIENT__CC_LOAN__N_ROWS__mean,0.0005893725
PEER_OCCUPATION_TYPE_CODE_GENDER__EXT_SOURCE_2_RATIO,0.00058920676
R2_PREV_ALL__FIRST_TO_LAST_DUE__mean,0.00058912585
f0407_PREV__AMT_ANNUITY__min,0.000588494
f0058_YEARS_BEGINEXPLUATATION_MODE,0.0005866391
f0506_PREV_APPROVED__AMT_APPLICATION__max,0.0005863464
f0449_PREV__DAYS_LAST_DUE_1ST_VERSION__min,0.0005860512
f1043_CC_LAST__AMT_INST_MIN_REGULARITY__mean,0.0005851549
f0976_CC_CLIENT__CC_LOAN__AMT_BALANCE__mean__mean,0.00058506103
f0733_EXTRA_PREV__NAME_PRODUCT_TYPE__x_sell__SHARE,0.0005844082
f1019_CC_CLIENT__CC_LOAN__PAYMENT_MIN_RATIO__max__max,0.000583975
f0497_PREV__CHANNEL_TYPE__Credit_and_cash_offices__SHARE,0.00058353494
PEER_OCCUPATION_TYPE_CODE_GENDER__AMT_INCOME_TOTAL_RATIO,0.00058310374
f0089_OBS_30_CNT_SOCIAL_CIRCLE,0.00058251794
f0513_PREV_APPROVED__AMT_GOODS_PRICE__mean,0.0005824144
f0570_PREV_REFUSED__N_ROWS,0.0005816906
f0000_NAME_CONTRACT_TYPE,0.0005797757
f0346_BUREAU_RECENT_1Y__DAYS_CREDIT__max,0.00057912554
R2_PREV_ALL__OBSERVED_REPAYMENT_RATIO__max,0.00057893025
f0277_BUREAU__CREDIT_TYPE__Car_loan__SHARE,0.0005784142
PEER_NAME_EDUCATION_TYPE_CODE_GENDER__AMT_INCOME_TOTAL_RATIO,0.0005781839
f0147_EXTRA_APP__DAYS_REGISTRATION_AGE_RATIO,0.00057793397
f0359_BUREAU_RECENT_1Y__AMT_CREDIT_SUM__mean,0.0005773659
f0158_BB_CLIENT__BB__MONTHS_BALANCE__min__max,0.00057651446
f0524_PREV_APPROVED__DAYS_DECISION__max,0.00057563354
f0422_PREV__HOUR_APPR_PROCESS_START__min,0.00057559676
f0927_CC_6M__AMT_INST_MIN_REGULARITY__max,0.00057530875
f0419_PREV__AMT_GOODS_PRICE__min,0.0005752791
f1012_CC_CLIENT__CC_LOAN__UTILIZATION__mean__mean,0.00057524204
f0738_EXTRA_PREV__PRODUCT_COMBINATION__Cash_Street_low__SHARE,0.0005746531
f1166_INST_CLIENT__INST_LOAN__DAYS_LATE_COMPLETION__mean__max,0.0005745222
f0365_BUREAU_RECENT_1Y__AMT_CREDIT_SUM_DEBT__max,0.0005744087
f0862_POS_LAST__CNT_INSTALMENT__max,0.00057301356
f0376_BUREAU_RECENT_1Y__AMT_CREDIT_SUM_LIMIT__max,0.00057287357
f0999_CC_CLIENT__CC_LOAN__AMT_INST_MIN_REGULARITY__max__max,0.00057159364
f0220_BUREAU__N_ROWS,0.0005710892
f0253_BUREAU__AMT_CREDIT_SUM_LIMIT__max,0.00057070446
f1115_INST_180D__UNKNOWN_PARTS__mean,0.00057055504
f0819_POS_12M__REMAINING_SHARE__mean,0.0005695218
f0783_POS_ROW__MONTHS_BALANCE__max,0.0005694317
f0990_CC_CLIENT__CC_LOAN__AMT_DRAWINGS_ATM_CURRENT__max__mean,0.00056863733
f0773_POS_ROW__SK_DPD_DEF__max,0.00056800677
f1145_INST_365D__PAID__mean,0.00056698086
f0175_BB_CLIENT__BB__STATUS__1__SHARE__mean,0.0005668925
f0532_PREV_APPROVED__ANNUITY_CREDIT_RATIO__min,0.00056675647
R2_BUREAU_730D__CREDIT_TERM__mean,0.00056667754
f0137_EXTRA_APP__EXT_SOURCE_1_EXT_SOURCE_2_GAP,0.0005657473
f0271_BUREAU__DURATION__max,0.00056541443
f1144_INST_365D__PAID__sum,0.00056540384
f0762_EXTRA_PREV_LAST5__APPROVED__mean,0.0005652235
PEER_REGION_RATING_CLIENT_NAME_INCOME_TYPE__EXT_SOURCE_2_DIFF,0.00056487974
R2_BUREAU_LAST__CLOSE_SCHEDULE_GAP,0.00056479377
R2_PREV_APPROVED__TERM_RATIO__max,0.0005626961
f0434_PREV__APPLICATION_CREDIT_RATIO__min,0.0005620553
f1147_INST_CLIENT__INST_LOAN__N_ROWS__mean,0.0005619386
f0400_EXTRA_BUREAU__OPENING_GAP__max,0.0005617536
R2_BUREAU_CARD__AMT_CREDIT_SUM__max,0.00056116725
f0066_LIVINGAPARTMENTS_MODE,0.0005611565
f0426_PREV__RATE_DOWN_PAYMENT__max,0.00056077016
f0989_CC_CLIENT__CC_LOAN__AMT_DRAWINGS_ATM_CURRENT__mean__max,0.00056046166
f0968_CC_12M__CASH_SHARE__max,0.0005600658
f1167_INST_CLIENT__INST_LOAN__DAYS_LATE_COMPLETION__max__mean,0.00055999355
R2_BUREAU_CARD__CLOSE_SCHEDULE_GAP__mean,0.00055985583
f0424_PREV__RATE_DOWN_PAYMENT__mean,0.0005598098
f0514_PREV_APPROVED__AMT_GOODS_PRICE__min,0.0005588652
f0724_EXTRA_PREV__CODE_REJECT_REASON__LIMIT__SHARE,0.00055851653
f0047_ELEVATORS_AVG,0.00055780273
f1020_CC_CLIENT__CC_LOAN__CASH_SHARE__mean__mean,0.0005577984
f0436_PREV__ANNUITY_CREDIT_RATIO__mean,0.0005577025
R2_PREV_CONSUMER__CREDIT_MINUS_APPLICATION__mean,0.00055737735
f1205_EXTRA_INST__NOT_FULL_BY_DUE__mean,0.00055722456
f0309_BUREAU_ACTIVE__AMT_CREDIT_SUM__max,0.00055722403
f0257_BUREAU__CNT_CREDIT_PROLONG__mean,0.0005571862
f0016_DAYS_EMPLOYED,0.00055626745
R2_SCHEDULE_ACTIVE__AMT_CREDIT__sum_INCOME_RATIO,0.0005554375
f0981_CC_CLIENT__CC_LOAN__AMT_CREDIT_LIMIT_ACTUAL__mean__max,0.0005547023
f0763_EXTRA_PREV_LAST5__DECISION_GAP__mean,0.00055442366
R2_SCHEDULE_ACTIVE__AMT_CREDIT__max,0.0005540736
R2_PREV_APPROVED__TOTAL_COST_RATIO__max,0.00055403763
R2_PREV_CASH__CREDIT_MINUS_APPLICATION__max,0.0005539843
R2_PREV_90D__FIRST_TO_LAST_DUE__max,0.0005539646
R2_PREV_730D__TOTAL_COST_RATIO__std,0.000553501
R2_PREV_730D__OBSERVED_REPAYMENT_RATIO__std,0.0005531471
f0658_PREV_RECENT_1Y__HOUR_APPR_PROCESS_START__max,0.00055313134
R2_BUREAU_CONSUMER__AMT_CREDIT_MAX_OVERDUE__std,0.0005529993
f1154_INST_CLIENT__INST_LOAN__SHORTFALL__mean__max,0.00055287883
f0709_PREV_RECENT_1Y__DAYS_TERMINATION_SENTINEL__max,0.00055252074
f0494_PREV__CHANNEL_TYPE__Channel_of_corporate_sales__SHARE,0.0005523587
f0217_EXTRA_BB__EXTRA_BB_LOAN__KNOWN_STATUS__mean__mean,0.0005515715
f1140_INST_365D__DUE__min,0.00055155274
f0141_EXTRA_APP__EXT_SOURCE_1_EXT_SOURCE_3_GAP,0.000551402
f1162_INST_CLIENT__INST_LOAN__NOT_FULL_BY_DUE__mean__max,0.0005505616
f1246_EXTRA_CROSS__BUREAU_DEBT_INCOME,0.0005493757
f0218_EXTRA_BB__EXTRA_BB_LOAN__KNOWN_STATUS__mean__max,0.0005493556
f1084_INST__NOT_FULL_BY_DUE__mean,0.0005491953
R2_PREV_730D__END_SCHEDULE_CHANGE__mean,0.00054895534
f0754_EXTRA_PREV_LAST3__APPROVED__mean,0.0005475034
f0430_PREV__CNT_PAYMENT__mean,0.0005468251
f0691_PREV_RECENT_1Y__DAYS_TERMINATION__max,0.0005465848
R2_BUREAU_730D__CREDIT_TERM__std,0.00054649374
f0127_EMPLOYED_AGE_RATIO,0.0005460423
f0520_PREV_APPROVED__RATE_DOWN_PAYMENT__min,0.0005451951
f0169_BB_CLIENT__BB__SEVERITY__max__mean,0.0005448063
f0601_PREV_REFUSED__ANNUITY_CREDIT_RATIO__mean,0.0005447488
f0525_PREV_APPROVED__CNT_PAYMENT__mean,0.00054447184
PEER_OCCUPATION_TYPE_CODE_GENDER__AMT_CREDIT_DIFF,0.00054396107
f0721_EXTRA_PREV__AMT_ANNUITY__mean,0.00054356386
f0315_BUREAU_ACTIVE__AMT_CREDIT_SUM_OVERDUE__mean,0.0005432576
R2_PREV_CASH__TERM_RATIO__std,0.00054260035
R2_BUREAU_LAST__AMT_CREDIT_SUM,0.0005422838
f0505_PREV_APPROVED__AMT_APPLICATION__min,0.00054207095
f0067_LIVINGAREA_MODE,0.0005417991
f0659_PREV_RECENT_1Y__RATE_DOWN_PAYMENT__mean,0.00054177095
f0077_FLOORSMAX_MEDI,0.0005416774
f0647_PREV_RECENT_1Y__AMT_CREDIT__mean,0.0005416408
f0745_EXTRA_PREV__PRODUCT_COMBINATION__POS_industry_with_interest__SHARE,0.00054134533
f0311_BUREAU_ACTIVE__AMT_CREDIT_SUM_DEBT__mean,0.00054034224
f0431_PREV__CNT_PAYMENT__min,0.0005392762
R2_BUREAU_CARD__COUNT,0.00053915684
f0005_AMT_INCOME_TOTAL,0.0005391334
f0256_BUREAU__AMT_ANNUITY__max,0.0005390352
f0003_FLAG_OWN_REALTY,0.00053780543
f0546_PREV_APPROVED__DAYS_LAST_DUE__mean,0.00053723424
PEER_NAME_EDUCATION_TYPE_CODE_GENDER__EXT_SOURCE_2_RATIO,0.0005369368
f0547_PREV_APPROVED__DAYS_LAST_DUE__min,0.000536779
f0441_PREV__DOWNPAYMENT_CREDIT_RATIO__max,0.0005367394
R2_PREV_CONSUMER__CREDIT_MINUS_APPLICATION__max,0.0005365925
f0805_POS_6M__REMAINING_SHARE__max,0.00053631235
R2_BUREAU_CONSUMER__AMT_CREDIT_SUM__max,0.00053548993
R2_BUREAU_CONSUMER__DEBT_TO_CREDIT__max,0.00053545146
f0991_CC_CLIENT__CC_LOAN__AMT_DRAWINGS_ATM_CURRENT__max__max,0.0005353396
f0366_BUREAU_RECENT_1Y__AMT_CREDIT_SUM_DEBT__sum,0.0005350219
f0492_PREV__CHANNEL_TYPE__AP_Cash_loan___SHARE,0.00053497904
R2_BUREAU_730D__DEBT_MINUS_CREDIT__std,0.00053477957
f0059_YEARS_BUILD_MODE,0.000534732
R2_BUREAU_CONSUMER__CLOSE_SCHEDULE_GAP__mean,0.00053463463
f0526_PREV_APPROVED__CNT_PAYMENT__min,0.00053455954
f0046_COMMONAREA_AVG,0.00053437403
R2_SCHEDULE_ACTIVE__AMT_ANNUITY__sum_INCOME_RATIO,0.00053394755
f0847_POS_CLIENT__POS_LOAN__REMAINING_SHARE__mean__max,0.0005334912
f0923_CC_6M__AMT_DRAWINGS_ATM_CURRENT__max,0.00053348864
f0707_PREV_RECENT_1Y__DAYS_TERMINATION_SENTINEL__mean,0.0005332923
R2_APP__EXT_SOURCE_2_BY_AMT_CREDIT,0.0005332906
f0533_PREV_APPROVED__ANNUITY_CREDIT_RATIO__max,0.0005329043
f1045_CC_LAST__CNT_DRAWINGS_CURRENT__mean,0.00053262105
f0483_PREV__NAME_CLIENT_TYPE__New__SHARE,0.00053230114
PEER_ORGANIZATION_TYPE__AMT_ANNUITY_DIFF,0.00053230114
f0293_BUREAU_ACTIVE__DAYS_CREDIT__min,0.00053227035
f0582_PREV_REFUSED__AMT_DOWN_PAYMENT__max,0.00053221226
f0456_PREV__DAYS_TERMINATION__max,0.0005320621
R2_BUREAU_CARD__AMT_CREDIT_SUM_DEBT__max,0.00053192384
R2_PREV_CONSUMER__TOTAL_COST_RATIO__max,0.0005314364
f0925_CC_6M__AMT_PAYMENT_TOTAL_CURRENT__max,0.00053111964
f0399_EXTRA_BUREAU__OPENING_GAP__min,0.0005310361
f0496_PREV__CHANNEL_TYPE__Country_wide__SHARE,0.0005307838
f0451_PREV__DAYS_LAST_DUE__mean,0.00053047127
f0788_POS_ROW__NAME_CONTRACT_STATUS__Completed__SHARE,0.00053038076
f0480_PREV__NAME_CONTRACT_TYPE__Consumer_loans__SHARE,0.0005300873
R2_SCHEDULE_ACTIVE__AMT_ANNUITY__max,0.0005300697
PEER_OCCUPATION_TYPE_CODE_GENDER__AMT_ANNUITY_RATIO,0.0005299
f0954_CC_12M__AMT_PAYMENT_TOTAL_CURRENT__max,0.0005297215
f0312_BUREAU_ACTIVE__AMT_CREDIT_SUM_DEBT__min,0.00052965496
f0043_BASEMENTAREA_AVG,0.00052878057
f1086_INST__DAYS_LATE_COMPLETION__mean,0.00052780466
f0132_EXT_STD,0.0005276309
f0314_BUREAU_ACTIVE__AMT_CREDIT_SUM_DEBT__sum,0.0005273651
R2_PREV_ALL__CREDIT_MINUS_APPLICATION__std,0.00052685017
R2_PREV_CASH__SCHEDULED_REPAYMENT_GAP__std,0.0005263546
f0057_BASEMENTAREA_MODE,0.0005261984
f0279_BUREAU__CREDIT_TYPE__Consumer_credit__SHARE,0.00052606215
f1073_EXTRA_CC__AMT_BALANCE__RECENT_MINUS_PREVIOUS,0.0005259836
f0843_POS_CLIENT__POS_LOAN__CNT_INSTALMENT_FUTURE__mean__max,0.0005255796
f0967_CC_12M__CASH_SHARE__mean,0.00052509847
f0519_PREV_APPROVED__RATE_DOWN_PAYMENT__mean,0.0005249333
f1046_CC_LAST__CNT_DRAWINGS_CURRENT__max,0.00052471634
f0665_PREV_RECENT_1Y__CNT_PAYMENT__mean,0.000524566
R2_APP__ANNUITY_PER_FAMILY,0.0005237331
R2_PREV_90D__CREDIT_MINUS_APPLICATION__max,0.000523729
f0139_EXTRA_APP__EXT_SOURCE_2_EXT_SOURCE_3_GAP,0.00052359456
R2_BUREAU_90D__DEBT_TO_CREDIT__max,0.00052317284
R2_SCHEDULE_ACTIVE__AMT_CREDIT__sum,0.00052294903
f0714_EXTRA_PREV__N_ROWS,0.00052265794
PEER_ORGANIZATION_TYPE__AMT_INCOME_TOTAL_RATIO,0.00052213174
f0766_EXTRA_PREV_LAST5__AMT_CREDIT__mean,0.0005218088
f0237_BUREAU__AMT_CREDIT_SUM__min,0.0005217549
f0502_PREV_APPROVED__AMT_ANNUITY__min,0.0005215641
f0406_PREV__AMT_ANNUITY__mean,0.00052099465
R2_PREV_CASH__SIMPLE_COST_PER_MONTH__std,0.00052061054
R2_BUREAU_CONSUMER__CREDIT_TERM__std,0.00052055146
f0838_POS_CLIENT__POS_LOAN__CNT_INSTALMENT__mean__mean,0.0005204425
f0030_WEEKDAY_APPR_PROCESS_START,0.0005203957
f0701_PREV_RECENT_1Y__DAYS_LAST_DUE_1ST_VERSION_SENTINEL__mean,0.00052017067
f0499_PREV__CHANNEL_TYPE__Stone__SHARE,0.0005200057
f0822_POS_12M__MONTHS_BALANCE__max,0.00051917066
R2_PREV_730D__CREDIT_MINUS_APPLICATION__mean,0.0005190125
R2_PREV_730D__TERM_RATIO__std,0.0005189568
f0591_PREV_REFUSED__RATE_DOWN_PAYMENT__max,0.0005187277
f0228_BUREAU__DAYS_ENDDATE_FACT__min,0.00051861943
R2_BUREAU_CARD__CREDIT_TERM__mean,0.0005185906
f0734_EXTRA_PREV__PRODUCT_COMBINATION__Card_Street__SHARE,0.000518536
f1121_INST_180D__PAID__sum,0.0005183388
R2_PREV_730D__COUNT,0.00051790994
f0149_EXTRA_APP__DAYS_LAST_PHONE_CHANGE_AGE_RATIO,0.00051788316
f0902_CC_ROW__CASH_SHARE__mean,0.0005177526
R2_BUREAU_LAST__CREDIT_TERM,0.00051771075
f1191_INST_CLIENT__INST_LOAN__PAID__mean__mean,0.0005174645
R2_PREV_90D__SCHEDULED_REPAYMENT_GAP__mean,0.0005164879
R2_PREV_CASH__END_SCHEDULE_CHANGE__std,0.00051557994
f0232_BUREAU__DAYS_CREDIT_UPDATE__max,0.00051374733
f1141_INST_365D__DUE__max,0.0005136499
f0791_POS_ROW__NAME_CONTRACT_STATUS__Signed__SHARE,0.0005130267
f0240_BUREAU__AMT_CREDIT_SUM_DEBT__mean,0.0005130097
R2_BUREAU_CARD__AMT_CREDIT_MAX_OVERDUE__max,0.0005129779
f0446_PREV__DAYS_FIRST_DUE__min,0.00051278295
f0650_PREV_RECENT_1Y__AMT_DOWN_PAYMENT__mean,0.0005127725
f0688_PREV_RECENT_1Y__DAYS_LAST_DUE__max,0.00051185366
R2_BUREAU_730D__CLOSE_SCHEDULE_GAP__mean,0.0005117743
f1207_EXTRA_INST__DAYS_LATE_COMPLETION__mean,0.00051126606
R2_PREV_LAST__CREDIT_MINUS_APPLICATION,0.00051124336
R2_BUREAU_CARD__AMT_CREDIT_SUM__std,0.00051066844
f0174_BB_CLIENT__BB__STATUS__0__SHARE__max,0.0005105994
R2_PREV_ALL__TERM_RATIO__std,0.00051056617
R2_PREV_CASH__CREDIT_GOODS_RATIO__mean,0.0005103278
f0649_PREV_RECENT_1Y__AMT_CREDIT__max,0.00051028054
f0045_YEARS_BUILD_AVG,0.0005101547
f0670_PREV_RECENT_1Y__APPLICATION_CREDIT_RATIO__max,0.0005100176
R2_PREV_730D__FIRST_TO_LAST_DUE__std,0.0005099845
R2_PREV_CONSUMER__SCHEDULED_REPAYMENT_GAP__max,0.0005099602
f0767_EXTRA_PREV_LAST5__AMT_ANNUITY__mean,0.000509817
f0978_CC_CLIENT__CC_LOAN__AMT_BALANCE__max__mean,0.00050963316
f0056_APARTMENTS_MODE,0.0005094421
f0254_BUREAU__AMT_ANNUITY__mean,0.00050925754
f0418_PREV__AMT_GOODS_PRICE__mean,0.0005086041
R2_PREV_CASH__FIRST_TO_LAST_DUE__std,0.0005085268
f0176_BB_CLIENT__BB__STATUS__1__SHARE__max,0.0005083453
f0412_PREV__AMT_CREDIT__mean,0.00050820195
f0726_EXTRA_PREV__CODE_REJECT_REASON__SCOFR__SHARE,0.0005081023
f0901_CC_ROW__PAYMENT_MIN_RATIO__max,0.0005079155
f0876_EXTRA_POS__REMAINING_SHARE__RECENT_MINUS_PREVIOUS,0.0005078702
f0303_BUREAU_ACTIVE__DAYS_CREDIT_UPDATE__max,0.00050780753
f0157_BB_CLIENT__BB__MONTHS_BALANCE__min__mean,0.00050761964
R2_BUREAU_CONSUMER__DEBT_TO_CREDIT__mean,0.0005072505
R2_PREV_APPROVED__CREDIT_GOODS_RATIO__std,0.0005070303
R2_PREV_CONSUMER__END_SCHEDULE_CHANGE__mean,0.00050695933
R2_PREV_LAST__CNT_PAYMENT,0.00050669897
f0454_PREV__DAYS_TERMINATION__mean,0.0005064894
f0900_CC_ROW__PAYMENT_MIN_RATIO__mean,0.00050630746
f0421_PREV__HOUR_APPR_PROCESS_START__mean,0.0005060435
PEER_OCCUPATION_TYPE_CODE_GENDER__AMT_INCOME_TOTAL_DIFF,0.0005054331
f0377_BUREAU_RECENT_1Y__AMT_ANNUITY__mean,0.00050541526
R2_BUREAU_CARD__AMT_CREDIT_MAX_OVERDUE__mean,0.00050488464
f0060_COMMONAREA_MODE,0.000503932
f1174_INST_CLIENT__INST_LOAN__PARTS__mean__max,0.00050380063
f0350_BUREAU_RECENT_1Y__DAYS_ENDDATE_FACT__mean,0.00050373445
f0921_CC_6M__AMT_DRAWINGS_CURRENT__max,0.0005037217
R2_BUREAU_CARD__AMT_CREDIT_SUM_DEBT__mean,0.00050350983
f0193_BB_CLIENT__BB_12M__MONTHS_BALANCE__max__mean,0.00050290726
R2_PREV_CASH__CREDIT_GOODS_RATIO__max,0.0005027249
f0252_BUREAU__AMT_CREDIT_SUM_LIMIT__min,0.0005025101
R2_BUREAU_CONSUMER__DEBT_MINUS_CREDIT__max,0.0005024989
f0736_EXTRA_PREV__PRODUCT_COMBINATION__Cash__SHARE,0.0005024292
f0934_CC_6M__UTILIZATION__mean,0.0005023728
f1099_INST__PAID__mean,0.0005021603
f0648_PREV_RECENT_1Y__AMT_CREDIT__min,0.0005021561
f1095_INST__DUE__max,0.0005019022
f1226_EXTRA_INST_LAST10__N_ROWS,0.0005017003
f1021_CC_CLIENT__CC_LOAN__CASH_SHARE__mean__max,0.0005012894
f0415_PREV__AMT_DOWN_PAYMENT__mean,0.0005012384
f1113_INST_180D__PARTS__mean,0.00050121406
R2_PREV_90D__TERM_RATIO__max,0.0005008993
R2_BUREAU_90D__DEBT_MINUS_CREDIT__std,0.00050058326
f1097_INST__EXPECTED__mean,0.0005004462
R2_PREV_730D__TOTAL_COST_RATIO__mean,0.0005001919
f0776_POS_ROW__CNT_INSTALMENT__mean,0.00049987005
R2_BUREAU_CARD__CREDIT_TERM__max,0.0004998415
f1182_INST_CLIENT__INST_LOAN__DUE__min__max,0.00049976725
R2_BUREAU_CARD__AMT_CREDIT_SUM__mean,0.000499763
f0784_POS_ROW__NAME_CONTRACT_STATUS__Active__SHARE,0.0004996293
R2_PREV_CONSUMER__END_SCHEDULE_CHANGE__std,0.00049902435
f0508_PREV_APPROVED__AMT_CREDIT__min,0.00049869943
R2_PREV_CASH__TOTAL_COST_RATIO__std,0.0004981587
f0517_PREV_APPROVED__HOUR_APPR_PROCESS_START__min,0.00049807626
f0653_PREV_RECENT_1Y__AMT_GOODS_PRICE__mean,0.00049773214
f0144_EXTRA_APP__INCOME_CREDIT_DIFF,0.0004970234
f0992_CC_CLIENT__CC_LOAN__AMT_PAYMENT_TOTAL_CURRENT__mean__mean,0.00049622747
R2_APP__CREDIT_PER_FAMILY,0.0004961417
f0651_PREV_RECENT_1Y__AMT_DOWN_PAYMENT__min,0.0004960885
f0083_NONLIVINGAREA_MEDI,0.00049602345
f0542_PREV_APPROVED__DAYS_FIRST_DUE__max,0.000495991
f0504_PREV_APPROVED__AMT_APPLICATION__mean,0.0004959453
f0062_ENTRANCES_MODE,0.0004953636
f0807_POS_6M__MONTHS_BALANCE__max,0.0004951738
f0425_PREV__RATE_DOWN_PAYMENT__min,0.0004949741
R2_PREV_CONSUMER__TERM_RATIO__std,0.0004947649
f0790_POS_ROW__NAME_CONTRACT_STATUS__Returned_to_the_store__SHARE,0.0004947077
f0324_BUREAU_ACTIVE__AMT_CREDIT_SUM_LIMIT__max,0.00049403205
f0389_BUREAU_RECENT_1Y__HAS_OVERDUE__mean,0.0004940312
f1013_CC_CLIENT__CC_LOAN__UTILIZATION__mean__max,0.0004940257
f0344_BUREAU_RECENT_1Y__DAYS_CREDIT__mean,0.0004932156
R2_PREV_CONSUMER__FIRST_TO_LAST_DUE__std,0.0004929343
f0079_LANDAREA_MEDI,0.00049188803
f0068_NONLIVINGAPARTMENTS_MODE,0.0004915789
f0328_BUREAU_ACTIVE__CNT_CREDIT_PROLONG__mean,0.0004915474
f0295_BUREAU_ACTIVE__DAYS_CREDIT_ENDDATE__mean,0.00049097004
f0270_BUREAU__DURATION__min,0.00049088505
f0051_LANDAREA_AVG,0.0004907665
f0490_PREV__NAME_YIELD_GROUP__low_normal__SHARE,0.0004905852
f1204_EXTRA_INST__EARLY_DAYS__max,0.0004904505
f0082_NONLIVINGAPARTMENTS_MEDI,0.00049031543
f0995_CC_CLIENT__CC_LOAN__AMT_PAYMENT_TOTAL_CURRENT__max__max,0.00048992824
f0325_BUREAU_ACTIVE__AMT_ANNUITY__mean,0.00048970256
f0839_POS_CLIENT__POS_LOAN__CNT_INSTALMENT__mean__max,0.000489382
R2_PREV_APPROVED__CREDIT_GOODS_RATIO__max,0.0004892523
f0432_PREV__CNT_PAYMENT__max,0.00048916886
R2_PREV_CASH__CREDIT_GOODS_RATIO__std,0.0004889523
f1146_INST_CLIENT__N_ROWS,0.0004883015
R2_PREV_CONSUMER__CREDIT_GOODS_RATIO__std,0.0004882323
R2_BUREAU_CONSUMER__COUNT,0.00048802586
R2_PREV_730D__END_SCHEDULE_CHANGE__std,0.00048779228
PEER_REGION_RATING_CLIENT_NAME_INCOME_TYPE__AMT_INCOME_TOTAL_DIFF,0.0004877329
f0572_PREV_REFUSED__AMT_ANNUITY__min,0.00048766274
f0503_PREV_APPROVED__AMT_ANNUITY__max,0.00048744312
f0433_PREV__APPLICATION_CREDIT_RATIO__mean,0.00048716908
f0274_BUREAU__CREDIT_ACTIVE__Closed__SHARE,0.00048708302
R2_PREV_730D__CREDIT_MINUS_APPLICATION__max,0.00048696602
R2_BUREAU_CONSUMER__CLOSE_SCHEDULE_GAP__max,0.00048669617
R2_BUREAU_CONSUMER__AMT_CREDIT_SUM__std,0.0004866003
f0159_BB_CLIENT__BB__MONTHS_BALANCE__max__mean,0.00048645397
f0883_CC_ROW__AMT_CREDIT_LIMIT_ACTUAL__max,0.0004864297
f0759_EXTRA_PREV_LAST3__AMT_ANNUITY__mean,0.00048620702
f0135_MISSING_COUNT,0.0004850562
f0641_PREV_RECENT_1Y__AMT_ANNUITY__mean,0.00048486117
f1187_INST_CLIENT__INST_LOAN__EXPECTED__mean__mean,0.00048465273
f1184_INST_CLIENT__INST_LOAN__DUE__max__max,0.00048453236
f0222_BUREAU__DAYS_CREDIT__min,0.00048448984
f0307_BUREAU_ACTIVE__AMT_CREDIT_SUM__mean,0.0004839098
f0551_PREV_APPROVED__DAYS_TERMINATION__max,0.00048372324
f0598_PREV_REFUSED__APPLICATION_CREDIT_RATIO__mean,0.00048366433
f0583_PREV_REFUSED__AMT_GOODS_PRICE__mean,0.0004834291
f0573_PREV_REFUSED__AMT_ANNUITY__max,0.0004828909
f0829_POS_CLIENT__POS_LOAN__SK_DPD__max__max,0.00048269262
R2_PREV_CASH__END_SCHEDULE_CHANGE__mean,0.00048242547
f0476_PREV__NAME_CONTRACT_STATUS__Canceled__SHARE,0.0004823944
f0241_BUREAU__AMT_CREDIT_SUM_DEBT__min,0.00048222643
f0479_PREV__NAME_CONTRACT_TYPE__Cash_loans__SHARE,0.00048167005
f0171_BB_CLIENT__BB__DELINQUENT_MONTH__max__mean,0.0004816579
f0580_PREV_REFUSED__AMT_DOWN_PAYMENT__mean,0.00048122203
f0874_EXTRA_POS_TREND__REMAINING_SHARE__SLOPE__max,0.000481164
R2_PREV_CONSUMER__CREDIT_MINUS_APPLICATION__std,0.00048112767
f1028_CC_CLIENT__CC_LOAN__MONTHS_BALANCE__min__mean,0.00048108093
R2_PREV_90D__SIMPLE_COST_PER_MONTH__std,0.0004810214
f0589_PREV_REFUSED__RATE_DOWN_PAYMENT__mean,0.00048057406
R2_BUREAU_90D__AMT_CREDIT_SUM_DEBT__mean,0.00048048625
f0243_BUREAU__AMT_CREDIT_SUM_DEBT__sum,0.00048043803
R2_PREV_CONSUMER__TERM_RATIO__mean,0.00047992181
f0671_PREV_RECENT_1Y__ANNUITY_CREDIT_RATIO__mean,0.00047971396
f0536_PREV_APPROVED__DOWNPAYMENT_CREDIT_RATIO__max,0.00047939265
f0301_BUREAU_ACTIVE__DAYS_CREDIT_UPDATE__mean,0.00047929306
R2_BUREAU_CARD__DEBT_MINUS_CREDIT__std,0.00047899396
f1118_INST_180D__DUE__max,0.00047854477
f0606_PREV_REFUSED__DOWNPAYMENT_CREDIT_RATIO__max,0.00047843016
f0672_PREV_RECENT_1Y__ANNUITY_CREDIT_RATIO__min,0.00047817244
f0186_BB_CLIENT__BB__STATUS__C__SHARE__max,0.00047816528
f0544_PREV_APPROVED__DAYS_LAST_DUE_1ST_VERSION__min,0.00047756635
f0437_PREV__ANNUITY_CREDIT_RATIO__min,0.0004774447
f0074_COMMONAREA_MEDI,0.00047732508
f0743_EXTRA_PREV__PRODUCT_COMBINATION__POS_household_with_interest__SHARE,0.0004773146
f0487_PREV__NAME_YIELD_GROUP__XNA__SHARE,0.00047627525
f0231_BUREAU__DAYS_CREDIT_UPDATE__min,0.0004762617
R2_PREV_730D__FIRST_TO_LAST_DUE__mean,0.0004761133
R2_BUREAU_CARD__CREDIT_TERM__std,0.00047588957
f1136_INST_365D__PARTS__mean,0.00047556643
f0091_OBS_60_CNT_SOCIAL_CIRCLE,0.00047544288
R2_PREV_CASH__CREDIT_MINUS_APPLICATION__mean,0.00047531596
f1071_EXTRA_CC__UTILIZATION__RECENT_MINUS_PREVIOUS,0.00047499948
f0438_PREV__ANNUITY_CREDIT_RATIO__max,0.00047449343
R2_PREV_ALL__CREDIT_MINUS_APPLICATION__mean,0.0004738286
f0054_NONLIVINGAPARTMENTS_AVG,0.00047312333
R2_PREV_CONSUMER__SIMPLE_COST_PER_MONTH__mean,0.00047310875
f0455_PREV__DAYS_TERMINATION__min,0.000473106
R2_PREV_CASH__FIRST_TO_LAST_DUE__mean,0.00047282266
f0664_PREV_RECENT_1Y__DAYS_DECISION__max,0.00047272022
f0423_PREV__HOUR_APPR_PROCESS_START__max,0.00047272022
f0364_BUREAU_RECENT_1Y__AMT_CREDIT_SUM_DEBT__min,0.0004725555
f0521_PREV_APPROVED__RATE_DOWN_PAYMENT__max,0.00047255546
R2_BUREAU_CARD__DEBT_TO_CREDIT__std,0.00047234437
f0408_PREV__AMT_ANNUITY__max,0.0004723409
R2_PREV_CONSUMER__OBSERVED_REPAYMENT_RATIO__std,0.0004720028
R2_PREV_730D__CREDIT_MINUS_APPLICATION__std,0.00047183136
f1155_INST_CLIENT__INST_LOAN__SHORTFALL__max__mean,0.00047154946
R2_PREV_CONSUMER__TOTAL_COST_RATIO__std,0.00047131983
f0595_PREV_REFUSED__CNT_PAYMENT__mean,0.00047110868
f0604_PREV_REFUSED__DOWNPAYMENT_CREDIT_RATIO__mean,0.00047066863
f0873_EXTRA_POS_TREND__REMAINING_SHARE__SLOPE__mean,0.000470511
R2_PREV_90D__COUNT,0.00047038888
R2_PREV_APPROVED__CREDIT_MINUS_APPLICATION__std,0.00047017928
f0531_PREV_APPROVED__ANNUITY_CREDIT_RATIO__mean,0.00047000148
R2_BUREAU_730D__DEBT_TO_CREDIT__std,0.0004699185
f0340_BUREAU_ACTIVE__DURATION__mean,0.0004696219
R2_BUREAU_90D__AMT_CREDIT_SUM_DEBT__max,0.00046958643
PEER_REGION_RATING_CLIENT_NAME_INCOME_TYPE__AMT_INCOME_TOTAL_RATIO,0.000469159
f1117_INST_180D__DUE__min,0.00046914537
f0055_NONLIVINGAREA_AVG,0.00046911847
f0882_CC_ROW__AMT_CREDIT_LIMIT_ACTUAL__mean,0.00046890916
f0680_PREV_RECENT_1Y__DAYS_FIRST_DUE__mean,0.00046888093
f0827_POS_CLIENT__POS_LOAN__SK_DPD__mean__max,0.0004686482
f0230_BUREAU__DAYS_CREDIT_UPDATE__mean,0.00046839248
R2_PREV_ALL__TERM_RATIO__mean,0.00046818066
f0888_CC_ROW__AMT_PAYMENT_TOTAL_CURRENT__mean,0.00046803337
f0985_CC_CLIENT__CC_LOAN__AMT_DRAWINGS_CURRENT__mean__max,0.00046763776
f0224_BUREAU__DAYS_CREDIT_ENDDATE__mean,0.0004676196
f0313_BUREAU_ACTIVE__AMT_CREDIT_SUM_DEBT__max,0.0004675063
f0420_PREV__AMT_GOODS_PRICE__max,0.00046707675
f0323_BUREAU_ACTIVE__AMT_CREDIT_SUM_LIMIT__min,0.00046704372
f0296_BUREAU_ACTIVE__DAYS_CREDIT_ENDDATE__min,0.00046692142
f0327_BUREAU_ACTIVE__AMT_ANNUITY__max,0.0004668693
f0072_YEARS_BEGINEXPLUATATION_MEDI,0.00046628673
R2_PREV_ALL__SIMPLE_COST_PER_MONTH__max,0.00046591097
f0342_BUREAU_ACTIVE__DURATION__max,0.00046581324
R2_PREV_APPROVED__SIMPLE_COST_PER_MONTH__max,0.0004654884
f0173_BB_CLIENT__BB__STATUS__0__SHARE__mean,0.0004651285
R2_PREV_CONSUMER__END_SCHEDULE_CHANGE__max,0.00046459763
f0756_EXTRA_PREV_LAST3__DECISION_GAP__min,0.00046442103
f0100_FLAG_DOCUMENT_8,0.00046424617
R2_PREV_CASH__TERM_RATIO__max,0.000463867
f1090_INST__PARTS__mean,0.00046384305
f1065_EXTRA_CC_TREND__PAYMENT_MIN_RATIO__SLOPE__mean,0.0004633959
f0128_INCOME_PER_PERSON,0.00046336226
R2_PREV_CONSUMER__SCHEDULED_REPAYMENT_GAP__mean,0.00046298458
f0187_BB_CLIENT__BB__STATUS__X__SHARE__mean,0.00046294372
f0481_PREV__NAME_CONTRACT_TYPE__Revolving_loans__SHARE,0.0004627643
R2_PREV_90D__CREDIT_MINUS_APPLICATION__mean,0.00046236382
f1009_CC_CLIENT__CC_LOAN__SK_DPD_DEF__mean__max,0.00046233734
f0242_BUREAU__AMT_CREDIT_SUM_DEBT__max,0.0004618834
R2_PREV_LAST__OBSERVED_REPAYMENT_RATIO,0.00046182395
f0884_CC_ROW__AMT_DRAWINGS_CURRENT__mean,0.00046176155
f0535_PREV_APPROVED__DOWNPAYMENT_CREDIT_RATIO__min,0.0004615286
R2_APP__CONTACT_COUNT,0.00046101373
f1168_INST_CLIENT__INST_LOAN__DAYS_LATE_COMPLETION__max__max,0.00046086946
f0885_CC_ROW__AMT_DRAWINGS_CURRENT__max,0.00046047094
f1203_EXTRA_INST__EARLY_DAYS__mean,0.00046046375
f0987_CC_CLIENT__CC_LOAN__AMT_DRAWINGS_CURRENT__max__max,0.00046040476
f0491_PREV__NAME_YIELD_GROUP__middle__SHARE,0.0004600095
f1018_CC_CLIENT__CC_LOAN__PAYMENT_MIN_RATIO__max__mean,0.0004598811
R2_PREV_CONSUMER__SIMPLE_COST_PER_MONTH__max,0.00045930585
f0585_PREV_REFUSED__AMT_GOODS_PRICE__max,0.00045915777
f0440_PREV__DOWNPAYMENT_CREDIT_RATIO__min,0.0004590211
f0682_PREV_RECENT_1Y__DAYS_FIRST_DUE__max,0.00045882267
f0984_CC_CLIENT__CC_LOAN__AMT_DRAWINGS_CURRENT__mean__mean,0.0004582144
R2_PREV_90D__TOTAL_COST_RATIO__max,0.0004580902
R2_SCHEDULE_ACTIVE__AMT_ANNUITY__sum,0.0004577884
f0717_EXTRA_PREV__DECISION_GAP__mean,0.0004572618
f0979_CC_CLIENT__CC_LOAN__AMT_BALANCE__max__max,0.00045666425
R2_PREV_CASH__OBSERVED_REPAYMENT_RATIO__std,0.00045655877
f0740_EXTRA_PREV__PRODUCT_COMBINATION__Cash_X_Sell_high__SHARE,0.00045655365
f1143_INST_365D__EXPECTED__mean,0.00045627556
f0588_PREV_REFUSED__HOUR_APPR_PROCESS_START__max,0.00045582047
f0050_FLOORSMIN_AVG,0.00045559887
f0269_BUREAU__DURATION__mean,0.000455285
R2_BUREAU_90D__DEBT_TO_CREDIT__mean,0.00045519756
f1153_INST_CLIENT__INST_LOAN__SHORTFALL__mean__mean,0.0004551447
R2_PREV_APPROVED__SIMPLE_COST_PER_MONTH__std,0.00045494793
f0031_HOUR_APPR_PROCESS_START,0.00045440238
f0662_PREV_RECENT_1Y__DAYS_DECISION__mean,0.0004542801
f0302_BUREAU_ACTIVE__DAYS_CREDIT_UPDATE__min,0.0004537938
f0861_POS_LAST__CNT_INSTALMENT__mean,0.00045309
f0848_POS_CLIENT__POS_LOAN__REMAINING_SHARE__max__mean,0.0004527454
f0774_POS_ROW__HAS_DPD__mean,0.00045214943
f0498_PREV__CHANNEL_TYPE__Regional_Local__SHARE,0.00045213665
f0469_PREV__DAYS_LAST_DUE_SENTINEL__mean,0.00045188714
f0755_EXTRA_PREV_LAST3__DECISION_GAP__mean,0.00045175798
f0851_POS_CLIENT__POS_LOAN__MONTHS_BALANCE__min__max,0.00045135847
R2_PREV_ALL__SIMPLE_COST_PER_MONTH__std,0.00044988294
f0815_POS_12M__CNT_INSTALMENT__mean,0.00044950136
f0605_PREV_REFUSED__DOWNPAYMENT_CREDIT_RATIO__min,0.0004493715
f0516_PREV_APPROVED__HOUR_APPR_PROCESS_START__mean,0.0004492939
f0603_PREV_REFUSED__ANNUITY_CREDIT_RATIO__max,0.00044888834
f0501_PREV_APPROVED__AMT_ANNUITY__mean,0.00044864093
f0826_POS_CLIENT__POS_LOAN__SK_DPD__mean__mean,0.0004480304
R2_PREV_ALL__CREDIT_GOODS_RATIO__std,0.0004480203
f0564_PREV_APPROVED__DAYS_LAST_DUE_SENTINEL__mean,0.00044738804
f0669_PREV_RECENT_1Y__APPLICATION_CREDIT_RATIO__min,0.00044730873
f0409_PREV__AMT_APPLICATION__mean,0.0004472722
R2_BUREAU_730D__CLOSE_SCHEDULE_GAP__max,0.00044686004
f0411_PREV__AMT_APPLICATION__max,0.00044664223
f0840_POS_CLIENT__POS_LOAN__CNT_INSTALMENT__max__mean,0.0004463404
f1079_INST__PAYMENT_RATIO__max,0.00044574426
R2_BUREAU_CONSUMER__DEBT_MINUS_CREDIT__std,0.00044563657
f0188_BB_CLIENT__BB__STATUS__X__SHARE__max,0.00044554443
f0345_BUREAU_RECENT_1Y__DAYS_CREDIT__min,0.0004454405
R2_PREV_CASH__CREDIT_MINUS_APPLICATION__std,0.00044525438
R2_BUREAU_730D__AMT_CREDIT_SUM__mean,0.00044519233
f0275_BUREAU__CREDIT_ACTIVE__Sold__SHARE,0.00044509655
f1236_EXTRA_INST_LAST10__EARLY_DAYS__max,0.00044483208
R2_PREV_APPROVED__CREDIT_MINUS_APPLICATION__mean,0.00044452018
f0778_POS_ROW__CNT_INSTALMENT_FUTURE__mean,0.00044325282
f0549_PREV_APPROVED__DAYS_TERMINATION__mean,0.00044313175
f0574_PREV_REFUSED__AMT_APPLICATION__mean,0.00044313047
f0410_PREV__AMT_APPLICATION__min,0.00044240133
f0742_EXTRA_PREV__PRODUCT_COMBINATION__Cash_X_Sell_middle__SHARE,0.00044178814
R2_PREV_APPROVED__OBSERVED_REPAYMENT_RATIO__max,0.0004414032
f0484_PREV__NAME_CLIENT_TYPE__Refreshed__SHARE,0.00044111387
R2_PREV_APPROVED__CREDIT_MINUS_APPLICATION__max,0.00044107807
R2_PREV_730D__SIMPLE_COST_PER_MONTH__std,0.00044022934
R2_PREV_CONSUMER__OBSERVED_REPAYMENT_RATIO__mean,0.00043994206
PEER_NAME_EDUCATION_TYPE_CODE_GENDER__AMT_INCOME_TOTAL_DIFF,0.00043948743
f1036_CC_LAST__AMT_CREDIT_LIMIT_ACTUAL__max,0.00043932925
f0735_EXTRA_PREV__PRODUCT_COMBINATION__Card_X_Sell__SHARE,0.00043927302
f0065_LANDAREA_MODE,0.00043922404
f0853_POS_CLIENT__POS_LOAN__MONTHS_BALANCE__max__max,0.0004386636
f0581_PREV_REFUSED__AMT_DOWN_PAYMENT__min,0.00043843378
f0656_PREV_RECENT_1Y__HOUR_APPR_PROCESS_START__mean,0.0004381132
f0416_PREV__AMT_DOWN_PAYMENT__min,0.00043802633
f0507_PREV_APPROVED__AMT_CREDIT__mean,0.0004379301
f0577_PREV_REFUSED__AMT_CREDIT__mean,0.0004374919
f0357_BUREAU_RECENT_1Y__CREDIT_DAY_OVERDUE__min,0.000436853
R2_PREV_LAST__CREDIT_GOODS_RATIO,0.0004368223
f0747_EXTRA_PREV__PRODUCT_COMBINATION__POS_mobile_with_interest__SHARE,0.00043656825
f0069_NONLIVINGAREA_MODE,0.00043647405
f0966_CC_12M__PAYMENT_MIN_RATIO__max,0.00043628347
f0048_ENTRANCES_AVG,0.00043620533
f0980_CC_CLIENT__CC_LOAN__AMT_CREDIT_LIMIT_ACTUAL__mean__mean,0.00043596802
f0673_PREV_RECENT_1Y__ANNUITY_CREDIT_RATIO__max,0.00043472837
f0758_EXTRA_PREV_LAST3__AMT_CREDIT__mean,0.00043418547
f0770_POS_ROW__SK_DPD__mean,0.0004341014
f0571_PREV_REFUSED__AMT_ANNUITY__mean,0.00043374198
R2_PREV_CONSUMER__FIRST_TO_LAST_DUE__mean,0.00043330234
f0326_BUREAU_ACTIVE__AMT_ANNUITY__min,0.00043329457
f1237_EXTRA_INST_LAST10__NOT_FULL_BY_DUE__mean,0.0004332377
f0704_PREV_RECENT_1Y__DAYS_LAST_DUE_SENTINEL__mean,0.00043294873
f0322_BUREAU_ACTIVE__AMT_CREDIT_SUM_LIMIT__mean,0.00043246013
R2_BUREAU_90D__DEBT_MINUS_CREDIT__mean,0.0004317518
f0463_PREV__DAYS_FIRST_DUE_SENTINEL__mean,0.00043156612
f0642_PREV_RECENT_1Y__AMT_ANNUITY__min,0.00043104152
R2_PREV_LAST__TERM_RATIO,0.00043085226
R2_BUREAU_730D__CLOSE_SCHEDULE_GAP__std,0.0004304043
f0695_PREV_RECENT_1Y__DAYS_FIRST_DRAWING_SENTINEL__mean,0.00043019513
f0965_CC_12M__PAYMENT_MIN_RATIO__mean,0.00042988238
R2_PREV_CONSUMER__TERM_RATIO__max,0.0004296987
f0398_EXTRA_BUREAU__OPENING_GAP__mean,0.00042928391
f0185_BB_CLIENT__BB__STATUS__C__SHARE__mean,0.000428996
f0076_ENTRANCES_MEDI,0.00042886203
f0413_PREV__AMT_CREDIT__min,0.00042867142
R2_BUREAU_730D__AMT_CREDIT_SUM_DEBT__mean,0.00042851534
f0663_PREV_RECENT_1Y__DAYS_DECISION__min,0.00042844957
f0297_BUREAU_ACTIVE__DAYS_CREDIT_ENDDATE__max,0.00042831284
f0904_CC_ROW__HAS_DPD__mean,0.0004277858
f0447_PREV__DAYS_FIRST_DUE__max,0.0004268643
f0764_EXTRA_PREV_LAST5__DECISION_GAP__min,0.00042625563
f0374_BUREAU_RECENT_1Y__AMT_CREDIT_SUM_LIMIT__mean,0.00042617784
R2_PREV_APPROVED__TERM_RATIO__std,0.00042603438
f1063_EXTRA_CC_TREND__UTILIZATION__SLOPE__mean,0.00042588697
f0255_BUREAU__AMT_ANNUITY__min,0.00042570374
f0569_PREV_APPROVED__DAYS_TERMINATION_SENTINEL__max,0.00042523217
f0078_FLOORSMIN_MEDI,0.00042474465
f0834_POS_CLIENT__POS_LOAN__HAS_DPD__mean__mean,0.0004242914
f0378_BUREAU_RECENT_1Y__AMT_ANNUITY__min,0.00042428935
f1124_INST_365D__PAYMENT_RATIO__mean,0.00042422293
f0354_BUREAU_RECENT_1Y__DAYS_CREDIT_UPDATE__min,0.0004241602
f0379_BUREAU_RECENT_1Y__AMT_ANNUITY__max,0.00042334423
f0200_BB_CLIENT__BB_12M__DELINQUENT__sum__max,0.00042319208
f0555_PREV_APPROVED__DAYS_FIRST_DRAWING_SENTINEL__mean,0.0004229228
f0593_PREV_REFUSED__DAYS_DECISION__min,0.00042196116
f0439_PREV__DOWNPAYMENT_CREDIT_RATIO__mean,0.0004218882
R2_PREV_ALL__CREDIT_MINUS_APPLICATION__max,0.0004217172
f0356_BUREAU_RECENT_1Y__CREDIT_DAY_OVERDUE__mean,0.00042141826
f0061_ELEVATORS_MODE,0.0004213647
f0852_POS_CLIENT__POS_LOAN__MONTHS_BALANCE__max__mean,0.00042106284
R2_PREV_730D__TERM_RATIO__mean,0.00042051374
R2_PREV_LAST__SCHEDULED_REPAYMENT_GAP,0.0004195004
f1151_INST_CLIENT__INST_LOAN__PAYMENT_RATIO__max__mean,0.000418082
f0110_FLAG_DOCUMENT_18,0.00041709267
f0646_PREV_RECENT_1Y__AMT_APPLICATION__max,0.00041703339
f0037_LIVE_CITY_NOT_WORK_CITY,0.00041699386
f0932_CC_6M__SK_DPD_DEF__mean,0.00041610055
R2_PREV_90D__SCHEDULED_REPAYMENT_GAP__max,0.00041515497
f1037_CC_LAST__AMT_DRAWINGS_CURRENT__mean,0.00041427716
f0676_PREV_RECENT_1Y__DOWNPAYMENT_CREDIT_RATIO__max,0.00041409038
f0353_BUREAU_RECENT_1Y__DAYS_CREDIT_UPDATE__mean,0.00041340958
R2_PREV_LAST__TOTAL_COST_RATIO,0.00041340452
R2_PREV_CONSUMER__COUNT,0.00041325568
R2_PREV_CONSUMER__CREDIT_GOODS_RATIO__max,0.00041294863
R2_PREV_CONSUMER__SIMPLE_COST_PER_MONTH__std,0.00041196003
f1024_CC_CLIENT__CC_LOAN__HAS_DPD__mean__mean,0.00041124888
R2_PREV_90D__CREDIT_MINUS_APPLICATION__std,0.0004102795
f0080_LIVINGAPARTMENTS_MEDI,0.00040983988
f0961_CC_12M__SK_DPD_DEF__mean,0.00040979855
f0227_BUREAU__DAYS_ENDDATE_FACT__mean,0.00040975626
f0004_CNT_CHILDREN,0.00040967437
f0119_AMT_REQ_CREDIT_BUREAU_YEAR,0.00040956677
R2_PREV_730D__TERM_RATIO__max,0.0004086698
f0644_PREV_RECENT_1Y__AMT_APPLICATION__mean,0.00040742
f0075_ELEVATORS_MEDI,0.00040740854
f0013_NAME_HOUSING_TYPE,0.00040695217
f0330_BUREAU_ACTIVE__CNT_CREDIT_PROLONG__max,0.00040595757
f0870_EXTRA_POS_TREND__N_ROWS,0.00040547983
R2_PREV_730D__CREDIT_GOODS_RATIO__std,0.0004052254
f0511_PREV_APPROVED__AMT_DOWN_PAYMENT__min,0.00040515003
R2_BUREAU_90D__CLOSE_SCHEDULE_GAP__mean,0.00040495195
f0529_PREV_APPROVED__APPLICATION_CREDIT_RATIO__min,0.00040455672
f0027_CNT_FAM_MEMBERS,0.00040318666
f0276_BUREAU__CREDIT_TYPE__Another_type_of_loan__SHARE,0.00040201927
f1038_CC_LAST__AMT_DRAWINGS_CURRENT__max,0.00040182346
f0084_FONDKAPREMONT_MODE,0.00040153338
f0686_PREV_RECENT_1Y__DAYS_LAST_DUE__mean,0.00040126967
f1109_INST_180D__DAYS_LATE_COMPLETION__mean,0.00040061164
f0950_CC_12M__AMT_DRAWINGS_CURRENT__max,0.00040033914
f0009_NAME_TYPE_SUITE,0.00039966914
f0661_PREV_RECENT_1Y__RATE_DOWN_PAYMENT__max,0.00039942528
R2_PREV_CASH__TERM_RATIO__mean,0.00039939294
f0725_EXTRA_PREV__CODE_REJECT_REASON__SCO__SHARE,0.00039934204
f1228_EXTRA_INST_LAST10__ON_TIME_RATIO__max,0.0003986423
f0024_FLAG_PHONE,0.0003984986
f1157_INST_CLIENT__INST_LOAN__UNDERPAID__mean__mean,0.000397953
R2_BUREAU_CARD__CLOSE_SCHEDULE_GAP__std,0.00039622906
f0711_PREV_LAST__AMT_CREDIT,0.00039603762
f0154_BB_CLIENT__N_ROWS,0.00039594749
f0844_POS_CLIENT__POS_LOAN__CNT_INSTALMENT_FUTURE__max__mean,0.0003954342
R2_PREV_CONSUMER__SCHEDULED_REPAYMENT_GAP__std,0.0003948522
R2_PREV_LAST__END_SCHEDULE_CHANGE,0.00039458167
f0495_PREV__CHANNEL_TYPE__Contact_center__SHARE,0.00039433752
f0579_PREV_REFUSED__AMT_CREDIT__max,0.0003942313
f0889_CC_ROW__AMT_PAYMENT_TOTAL_CURRENT__max,0.00039289097
R2_PREV_90D__SIMPLE_COST_PER_MONTH__mean,0.00039248943
f0718_EXTRA_PREV__DECISION_GAP__min,0.00038983187
f1042_CC_LAST__AMT_PAYMENT_TOTAL_CURRENT__max,0.00038971033
R2_PREV_CONSUMER__OBSERVED_REPAYMENT_RATIO__max,0.00038923646
R2_PREV_CASH__END_SCHEDULE_CHANGE__max,0.00038885945
f0280_BUREAU__CREDIT_TYPE__Credit_card__SHARE,0.00038874775
f0654_PREV_RECENT_1Y__AMT_GOODS_PRICE__min,0.0003885485
f0472_PREV__DAYS_TERMINATION_SENTINEL__mean,0.00038835636
f0666_PREV_RECENT_1Y__CNT_PAYMENT__min,0.00038751407
f1025_CC_CLIENT__CC_LOAN__HAS_DPD__mean__max,0.00038740473
f0485_PREV__NAME_CLIENT_TYPE__Repeater__SHARE,0.00038436463
f0856_POS_LAST__SK_DPD__max,0.0003821519
f0643_PREV_RECENT_1Y__AMT_ANNUITY__max,0.00038039405
f0351_BUREAU_RECENT_1Y__DAYS_ENDDATE_FACT__min,0.00038027306
f0997_CC_CLIENT__CC_LOAN__AMT_INST_MIN_REGULARITY__mean__max,0.00037999853
f0681_PREV_RECENT_1Y__DAYS_FIRST_DUE__min,0.0003791611
f0926_CC_6M__AMT_INST_MIN_REGULARITY__mean,0.00037901162
f1087_INST__DAYS_LATE_COMPLETION__max,0.00037795212
f0914_CC_ROW__NAME_CONTRACT_STATUS__Signed__SHARE,0.00037590452
f0166_BB_CLIENT__BB__DELINQUENT__sum__max,0.00037459386
PEER_ORGANIZATION_TYPE__AMT_INCOME_TOTAL_DIFF,0.00037283107
f0590_PREV_REFUSED__RATE_DOWN_PAYMENT__min,0.0003722409
f0251_BUREAU__AMT_CREDIT_SUM_LIMIT__mean,0.00036998966
f0388_BUREAU_RECENT_1Y__OVERDUE_RATIO__max,0.0003694716
f0969_CC_12M__HAS_DPD__mean,0.00036864507
f1008_CC_CLIENT__CC_LOAN__SK_DPD_DEF__mean__mean,0.0003683599
f0640_PREV_RECENT_1Y__N_ROWS,0.00036823688
f0167_BB_CLIENT__BB__SEVERITY__mean__mean,0.00036585671
f0986_CC_CLIENT__CC_LOAN__AMT_DRAWINGS_CURRENT__max__mean,0.00036541763
f0798_POS_6M__HAS_DPD__mean,0.00036509
f0488_PREV__NAME_YIELD_GROUP__high__SHARE,0.0003647036
f0645_PREV_RECENT_1Y__AMT_APPLICATION__min,0.00036469
f0355_BUREAU_RECENT_1Y__DAYS_CREDIT_UPDATE__max,0.00036286435
f0731_EXTRA_PREV__NAME_PRODUCT_TYPE__XNA__SHARE,0.00036038161
f0375_BUREAU_RECENT_1Y__AMT_CREDIT_SUM_LIMIT__min,0.0003567004
f0933_CC_6M__SK_DPD_DEF__max,0.00035532704
f0660_PREV_RECENT_1Y__RATE_DOWN_PAYMENT__min,0.00035340508
f0687_PREV_RECENT_1Y__DAYS_LAST_DUE__min,0.00035056556
f0205_BB_CLIENT__BB_12M__DELINQUENT_MONTH__max__mean,0.00034087876
R2_PREV_APPROVED__TERM_RATIO__mean,0.0003399491
f0115_AMT_REQ_CREDIT_BUREAU_DAY,0.00033756244
f0746_EXTRA_PREV__PRODUCT_COMBINATION__POS_industry_without_interest__SHARE,0.00033698953
f0429_PREV__DAYS_DECISION__max,0.00033636397
f0033_REG_REGION_NOT_WORK_REGION,0.00033514047
f0162_BB_CLIENT__BB__DELINQUENT__mean__max,0.00033300402
f0225_BUREAU__DAYS_CREDIT_ENDDATE__min,0.00033257875
R2_PREV_90D__CREDIT_GOODS_RATIO__mean,0.00032992716
f1078_INST__PAYMENT_RATIO__mean,0.00032671262
f0249_BUREAU__AMT_CREDIT_MAX_OVERDUE__min,0.00032273572
R2_BUREAU_90D__AMT_CREDIT_SUM_DEBT__std,0.00032230807
f1092_INST__UNKNOWN_PARTS__mean,0.00032113105
R2_PREV_90D__OBSERVED_REPAYMENT_RATIO__max,0.0003180253
f0816_POS_12M__CNT_INSTALMENT__max,0.0003113779
f0906_CC_ROW__MONTHS_BALANCE__min,0.0003106994
f0064_FLOORSMIN_MODE,0.000309592
f0748_EXTRA_PREV__PRODUCT_COMBINATION__POS_mobile_without_interest__SHARE,0.0003095565
f0203_BB_CLIENT__BB_12M__SEVERITY__max__mean,0.00030730458
f0103_FLAG_DOCUMENT_11,0.00029688407
f0397_EXTRA_BUREAU__N_ROWS,0.0002961524
f0032_REG_REGION_NOT_LIVE_REGION,0.00029512227
f0667_PREV_RECENT_1Y__CNT_PAYMENT__max,0.0002910147
f1179_INST_CLIENT__INST_LOAN__UNKNOWN_PARTS__max__mean,0.00028697232
f0896_CC_ROW__SK_DPD_DEF__mean,0.00027968115
f0879_CC_ROW__N_ROWS,0.0002788803
f0473_PREV__DAYS_TERMINATION_SENTINEL__min,0.00027319908
f0210_EXTRA_BB__N_ROWS,0.000270481
f0387_BUREAU_RECENT_1Y__OVERDUE_RATIO__min,0.00025744643
f0760_EXTRA_PREV_LAST5__N_ROWS,0.00024744653
R2_PREV_730D__FIRST_TO_LAST_DUE__max,0.00024149906
R2_BUREAU_90D__DEBT_TO_CREDIT__std,0.00022292398
R2_PREV_90D__CREDIT_GOODS_RATIO__std,0.00021391083
f0509_PREV_APPROVED__AMT_CREDIT__max,0.00019211642
R2_PREV_APPROVED__COUNT,0.00017439901
f0703_PREV_RECENT_1Y__DAYS_LAST_DUE_1ST_VERSION_SENTINEL__max,0.0001552716
f0744_EXTRA_PREV__PRODUCT_COMBINATION__POS_household_without_interest__SHARE,0.000121001365
f0369_BUREAU_RECENT_1Y__AMT_CREDIT_SUM_OVERDUE__max,4.4657438e-05
f1101_INST_180D__PAYMENT_RATIO__mean,3.3260352e-05
f0616_PREV_REFUSED__DAYS_LAST_DUE__mean,0.0
R2_PREV_90D__END_SCHEDULE_CHANGE__mean,0.0
f0617_PREV_REFUSED__DAYS_LAST_DUE__min,0.0
f0962_CC_12M__SK_DPD_DEF__max,0.0
f0970_CC_12M__HAS_DPD__max,0.0
f0618_PREV_REFUSED__DAYS_LAST_DUE__max,0.0
R2_PREV_90D__SIMPLE_COST_PER_MONTH__max,0.0
f0971_CC_12M__MONTHS_BALANCE__min,0.0
f0619_PREV_REFUSED__DAYS_TERMINATION__mean,0.0
f0775_POS_ROW__HAS_DPD__max,0.0
f0771_POS_ROW__SK_DPD__max,0.0
f0615_PREV_REFUSED__DAYS_LAST_DUE_1ST_VERSION__max,0.0
f0614_PREV_REFUSED__DAYS_LAST_DUE_1ST_VERSION__min,0.0
f0613_PREV_REFUSED__DAYS_LAST_DUE_1ST_VERSION__mean,0.0
f0612_PREV_REFUSED__DAYS_FIRST_DUE__max,0.0
f0611_PREV_REFUSED__DAYS_FIRST_DUE__min,0.0
f0468_PREV__DAYS_LAST_DUE_1ST_VERSION_SENTINEL__max,0.0
f0959_CC_12M__SK_DPD__mean,0.0
f0470_PREV__DAYS_LAST_DUE_SENTINEL__min,0.0
f0609_PREV_REFUSED__DAYS_FIRST_DRAWING__max,0.0
f0608_PREV_REFUSED__DAYS_FIRST_DRAWING__min,0.0
f0471_PREV__DAYS_LAST_DUE_SENTINEL__max,0.0
f1083_INST__UNDERPAID__max,0.0
f0956_CC_12M__AMT_INST_MIN_REGULARITY__max,0.0
R2_PREV_90D__TOTAL_COST_RATIO__std,0.0
f0960_CC_12M__SK_DPD__max,0.0
R2_BUREAU_90D__CLOSE_SCHEDULE_GAP__std,0.0
f0610_PREV_REFUSED__DAYS_FIRST_DUE__mean,0.0
f0234_BUREAU__CREDIT_DAY_OVERDUE__min,0.0
f0198_BB_CLIENT__BB_12M__DELINQUENT__max__max,0.0
f0194_BB_CLIENT__BB_12M__MONTHS_BALANCE__max__max,0.0
f0190_BB_CLIENT__BB_12M__N_ROWS__max,0.0
f0184_BB_CLIENT__BB__STATUS__5__SHARE__max,0.0
f0637_PREV_REFUSED__DAYS_TERMINATION_SENTINEL__mean,0.0
f0183_BB_CLIENT__BB__STATUS__5__SHARE__mean,0.0
f0182_BB_CLIENT__BB__STATUS__4__SHARE__max,0.0
f0181_BB_CLIENT__BB__STATUS__4__SHARE__mean,0.0
f1058_CC_LAST__HAS_DPD__max,0.0
f0101_FLAG_DOCUMENT_9,0.0
f0638_PREV_REFUSED__DAYS_TERMINATION_SENTINEL__min,0.0
f0209_BB__HAS_HISTORY,0.0
f0206_BB_CLIENT__BB_12M__DELINQUENT_MONTH__max__max,0.0
f0639_PREV_REFUSED__DAYS_TERMINATION_SENTINEL__max,0.0
f0204_BB_CLIENT__BB_12M__SEVERITY__max__max,0.0
f0565_PREV_APPROVED__DAYS_LAST_DUE_SENTINEL__min,0.0
f0563_PREV_APPROVED__DAYS_LAST_DUE_1ST_VERSION_SENTINEL__max,0.0
f0814_POS_12M__HAS_DPD__max,0.0
f0768_EXTRA_PREV__HAS_HISTORY,0.0
R2_PREV_90D__TERM_RATIO__std,0.0
f0568_PREV_APPROVED__DAYS_TERMINATION_SENTINEL__min,0.0
f0567_PREV_APPROVED__DAYS_TERMINATION_SENTINEL__mean,0.0
f1061_CC__HAS_HISTORY,0.0
f1060_CC_LAST__MONTHS_BALANCE__max,0.0
f1059_CC_LAST__MONTHS_BALANCE__min,0.0
f0777_POS_ROW__CNT_INSTALMENT__max,0.0
f1004_CC_CLIENT__CC_LOAN__SK_DPD__mean__mean,0.0
f1057_CC_LAST__HAS_DPD__mean,0.0
f0636_PREV_REFUSED__DAYS_LAST_DUE_SENTINEL__max,0.0
f1005_CC_CLIENT__CC_LOAN__SK_DPD__mean__max,0.0
f1006_CC_CLIENT__CC_LOAN__SK_DPD__max__mean,0.0
f0180_BB_CLIENT__BB__STATUS__3__SHARE__max,0.0
f0179_BB_CLIENT__BB__STATUS__3__SHARE__mean,0.0
f1007_CC_CLIENT__CC_LOAN__SK_DPD__max__max,0.0
R2_PREV_APPROVED__FIRST_TO_LAST_DUE__max,0.0
R2_PREV_APPROVED__END_SCHEDULE_CHANGE__max,0.0
f1010_CC_CLIENT__CC_LOAN__SK_DPD_DEF__max__mean,0.0
f0235_BUREAU__CREDIT_DAY_OVERDUE__max,0.0
f1050_CC_LAST__SK_DPD_DEF__max,0.0
f0102_FLAG_DOCUMENT_10,0.0
R2_SCHEDULE_ACTIVE__COUNT,0.0
f0983_CC_CLIENT__CC_LOAN__AMT_CREDIT_LIMIT_ACTUAL__max__max,0.0
f0104_FLAG_DOCUMENT_12,0.0
f0627_PREV_REFUSED__DAYS_FIRST_DRAWING_SENTINEL__max,0.0
f0722_EXTRA_PREV__CODE_REJECT_REASON__CLIENT__SHARE,0.0
f0105_FLAG_DOCUMENT_13,0.0
f0713_PREV__HAS_HISTORY,0.0
f0972_CC_12M__MONTHS_BALANCE__max,0.0
f0107_FLAG_DOCUMENT_15,0.0
f0133_EXT_COUNT,0.0
f0120_EMPLOYED_SENTINEL,0.0
f0993_CC_CLIENT__CC_LOAN__AMT_PAYMENT_TOTAL_CURRENT__mean__max,0.0
f0635_PREV_REFUSED__DAYS_LAST_DUE_SENTINEL__min,0.0
f0108_FLAG_DOCUMENT_16,0.0
f0634_PREV_REFUSED__DAYS_LAST_DUE_SENTINEL__mean,0.0
f0633_PREV_REFUSED__DAYS_LAST_DUE_1ST_VERSION_SENTINEL__max,0.0
f0632_PREV_REFUSED__DAYS_LAST_DUE_1ST_VERSION_SENTINEL__min,0.0
f0106_FLAG_DOCUMENT_14,0.0
f0036_REG_CITY_NOT_WORK_CITY,0.0
f1082_INST__UNDERPAID__mean,0.0
f1081_INST__SHORTFALL__max,0.0
f1076_EXTRA_CC__HAS_HISTORY,0.0
f1075_EXTRA_CC__MONTHS_SINCE_DPD,0.0
f0111_FLAG_DOCUMENT_19,0.0
f0955_CC_12M__AMT_INST_MIN_REGULARITY__mean,0.0
f0178_BB_CLIENT__BB__STATUS__2__SHARE__max,0.0
f0493_PREV__CHANNEL_TYPE__Car_dealer__SHARE,0.0
f0172_BB_CLIENT__BB__DELINQUENT_MONTH__max__max,0.0
f0170_BB_CLIENT__BB__SEVERITY__max__max,0.0
f0112_FLAG_DOCUMENT_20,0.0
f0113_FLAG_DOCUMENT_21,0.0
f0021_FLAG_EMP_PHONE,0.0
f0165_BB_CLIENT__BB__DELINQUENT__sum__mean,0.0
f0164_BB_CLIENT__BB__DELINQUENT__max__max,0.0
f0117_AMT_REQ_CREDIT_BUREAU_MON,0.0
f0116_AMT_REQ_CREDIT_BUREAU_WEEK,0.0
f0177_BB_CLIENT__BB__STATUS__2__SHARE__mean,0.0
f0705_PREV_RECENT_1Y__DAYS_LAST_DUE_SENTINEL__min,0.0
R2_PREV_90D__OBSERVED_REPAYMENT_RATIO__mean,0.0
R2_PREV_90D__SCHEDULED_REPAYMENT_GAP__std,0.0
f0697_PREV_RECENT_1Y__DAYS_FIRST_DRAWING_SENTINEL__max,0.0
R2_PREV_90D__FIRST_TO_LAST_DUE__std,0.0
f0706_PREV_RECENT_1Y__DAYS_LAST_DUE_SENTINEL__max,0.0
f0160_BB_CLIENT__BB__MONTHS_BALANCE__max__max,0.0
f0708_PREV_RECENT_1Y__DAYS_TERMINATION_SENTINEL__min,0.0
f0631_PREV_REFUSED__DAYS_LAST_DUE_1ST_VERSION_SENTINEL__mean,0.0
f0152_EXTRA_APP__EXT_SOURCE_3_MISSING,0.0
f0151_EXTRA_APP__EXT_SOURCE_2_MISSING,0.0
f0973_CC_CLIENT__N_ROWS,0.0
f0607_PREV_REFUSED__DAYS_FIRST_DRAWING__mean,0.0
f0786_POS_ROW__NAME_CONTRACT_STATUS__Approved__SHARE,0.0
f0467_PREV__DAYS_LAST_DUE_1ST_VERSION_SENTINEL__min,0.0
f0785_POS_ROW__NAME_CONTRACT_STATUS__Amortized_debt__SHARE,0.0
f0781_POS_ROW__REMAINING_SHARE__max,0.0
f0779_POS_ROW__CNT_INSTALMENT_FUTURE__max,0.0
f0153_EXTRA_APP__HAS_HISTORY,0.0
f0630_PREV_REFUSED__DAYS_FIRST_DUE_SENTINEL__max,0.0
f0629_PREV_REFUSED__DAYS_FIRST_DUE_SENTINEL__min,0.0
f0628_PREV_REFUSED__DAYS_FIRST_DUE_SENTINEL__mean,0.0
f0728_EXTRA_PREV__CODE_REJECT_REASON__VERIF__SHARE,0.0
f0727_EXTRA_PREV__CODE_REJECT_REASON__SYSTEM__SHARE,0.0
f0109_FLAG_DOCUMENT_17,0.0
f0657_PREV_RECENT_1Y__HOUR_APPR_PROCESS_START__min,0.0
R2_PREV_90D__FIRST_TO_LAST_DUE__mean,0.0
R2_PREV_90D__OBSERVED_REPAYMENT_RATIO__std,0.0
R2_PREV_90D__END_SCHEDULE_CHANGE__max,0.0
f0752_EXTRA_PREV_LAST3__N_ROWS,0.0
f0751_EXTRA_PREV__PRODUCT_COMBINATION____MISSING____SHARE,0.0
f0750_EXTRA_PREV__PRODUCT_COMBINATION__POS_others_without_interest__SHARE,0.0
f0699_PREV_RECENT_1Y__DAYS_FIRST_DUE_SENTINEL__min,0.0
f0700_PREV_RECENT_1Y__DAYS_FIRST_DUE_SENTINEL__max,0.0
f0702_PREV_RECENT_1Y__DAYS_LAST_DUE_1ST_VERSION_SENTINEL__min,0.0
f0730_EXTRA_PREV__CODE_REJECT_REASON__XNA__SHARE,0.0
f0696_PREV_RECENT_1Y__DAYS_FIRST_DRAWING_SENTINEL__min,0.0
R2_PREV_90D__END_SCHEDULE_CHANGE__std,0.0
f0942_CC_6M__MONTHS_BALANCE__min,0.0
f0941_CC_6M__HAS_DPD__max,0.0
f0940_CC_6M__HAS_DPD__mean,0.0
f0025_FLAG_EMAIL,0.0
f0931_CC_6M__SK_DPD__max,0.0
f0930_CC_6M__SK_DPD__mean,0.0
f0897_CC_ROW__SK_DPD_DEF__max,0.0
f0895_CC_ROW__SK_DPD__max,0.0
f0894_CC_ROW__SK_DPD__mean,0.0
f0562_PREV_APPROVED__DAYS_LAST_DUE_1ST_VERSION_SENTINEL__min,0.0
f0561_PREV_APPROVED__DAYS_LAST_DUE_1ST_VERSION_SENTINEL__mean,0.0
f0265_BUREAU__OVERDUE_RATIO__max,0.0
f0913_CC_ROW__NAME_CONTRACT_STATUS__Sent_proposal__SHARE,0.0
f0912_CC_ROW__NAME_CONTRACT_STATUS__Refused__SHARE,0.0
f0911_CC_ROW__NAME_CONTRACT_STATUS__Demand__SHARE,0.0
f0909_CC_ROW__NAME_CONTRACT_STATUS__Approved__SHARE,0.0
f0908_CC_ROW__NAME_CONTRACT_STATUS__Active__SHARE,0.0
f0907_CC_ROW__MONTHS_BALANCE__max,0.0
f0905_CC_ROW__HAS_DPD__max,0.0
f0368_BUREAU_RECENT_1Y__AMT_CREDIT_SUM_OVERDUE__min,0.0
f0358_BUREAU_RECENT_1Y__CREDIT_DAY_OVERDUE__max,0.0
f0500_PREV_APPROVED__N_ROWS,0.0
f1170_INST_CLIENT__INST_LOAN__DAYS_SINCE_DUE_IF_UNDERPAID__mean__max,0.0
f0560_PREV_APPROVED__DAYS_FIRST_DUE_SENTINEL__max,0.0
f1218_EXTRA_INST_LAST3__LATE_30__max,0.0
f1217_EXTRA_INST_LAST3__LATE_30__mean,0.0
f1216_EXTRA_INST_LAST3__LATE_7__max,0.0
f1212_EXTRA_INST_LAST3__ON_TIME_RATIO__max,0.0
f1210_EXTRA_INST_LAST3__N_ROWS,0.0
f1206_EXTRA_INST__NOT_FULL_BY_DUE__max,0.0
f1202_EXTRA_INST__LATE_30__max,0.0
f0875_EXTRA_POS__SK_DPD__RECENT_MINUS_PREVIOUS,0.0
f0872_EXTRA_POS_TREND__SK_DPD__SLOPE__max,0.0
f0869_POS__HAS_HISTORY,0.0
f0860_POS_LAST__HAS_DPD__max,0.0
f0943_CC_6M__MONTHS_BALANCE__max,0.0
f0858_POS_LAST__SK_DPD_DEF__max,0.0
f0404_EXTRA_BUREAU__HAS_HISTORY,0.0
f1074_EXTRA_CC__SK_DPD__RECENT_MINUS_PREVIOUS,0.0
f1070_EXTRA_CC_TREND__SK_DPD__SLOPE__max,0.0
f1069_EXTRA_CC_TREND__SK_DPD__SLOPE__mean,0.0
f1062_EXTRA_CC_TREND__N_ROWS,0.0
f0880_CC_ROW__AMT_BALANCE__mean,0.0
f0878_EXTRA_POS__HAS_HISTORY,0.0
f0917_CC_6M__AMT_BALANCE__max,0.0
f0915_CC_6M__N_ROWS,0.0
f0527_PREV_APPROVED__CNT_PAYMENT__max,0.0
f0405_PREV__N_ROWS,0.0
f0859_POS_LAST__HAS_DPD__mean,0.0
f1128_INST_365D__UNDERPAID__mean,0.0
f1125_INST_365D__PAYMENT_RATIO__max,0.0
f1114_INST_180D__PARTS__max,0.0
f0482_PREV__NAME_CONTRACT_TYPE__XNA__SHARE,0.0
f0478_PREV__NAME_CONTRACT_STATUS__Unused_offer__SHARE,0.0
f0474_PREV__DAYS_TERMINATION_SENTINEL__max,0.0
f0094_FLAG_DOCUMENT_2,0.0
f0088_EMERGENCYSTATE_MODE,0.0
f0085_HOUSETYPE_MODE,0.0
R2_BUREAU_90D__COUNT,0.0
R2_BUREAU_90D__AMT_CREDIT_MAX_OVERDUE__std,0.0
f1164_INST_CLIENT__INST_LOAN__NOT_FULL_BY_DUE__max__max,0.0
R2_BUREAU_90D__CREDIT_TERM__std,0.0
f0034_LIVE_REGION_NOT_WORK_REGION,0.0
f0675_PREV_RECENT_1Y__DOWNPAYMENT_CREDIT_RATIO__min,0.0
f0099_FLAG_DOCUMENT_7,0.0
f0098_FLAG_DOCUMENT_6,0.0
f0097_FLAG_DOCUMENT_5,0.0
f0096_FLAG_DOCUMENT_4,0.0
f0694_PREV_RECENT_1Y__DAYS_DECISION_SENTINEL__max,0.0
f0693_PREV_RECENT_1Y__DAYS_DECISION_SENTINEL__min,0.0
f0692_PREV_RECENT_1Y__DAYS_DECISION_SENTINEL__mean,0.0
f0679_PREV_RECENT_1Y__DAYS_FIRST_DRAWING__max,0.0
R2_BUREAU_90D__AMT_CREDIT_MAX_OVERDUE__mean,0.0
f1160_INST_CLIENT__INST_LOAN__UNDERPAID__max__max,0.0
f1159_INST_CLIENT__INST_LOAN__UNDERPAID__max__mean,0.0
f1149_INST_CLIENT__INST_LOAN__PAYMENT_RATIO__mean__mean,0.0
f0370_BUREAU_RECENT_1Y__AMT_CREDIT_SUM_OVERDUE__sum,0.0
f1093_INST__UNKNOWN_PARTS__max,0.0
f1091_INST__PARTS__max,0.0
f1089_INST__DAYS_SINCE_DUE_IF_UNDERPAID__max,0.0
f1088_INST__DAYS_SINCE_DUE_IF_UNDERPAID__mean,0.0
f1085_INST__NOT_FULL_BY_DUE__max,0.0
f0382_BUREAU_RECENT_1Y__CNT_CREDIT_PROLONG__max,0.0
f0381_BUREAU_RECENT_1Y__CNT_CREDIT_PROLONG__min,0.0
f1129_INST_365D__UNDERPAID__max,0.0
f1106_INST_180D__UNDERPAID__max,0.0
f1105_INST_180D__UNDERPAID__mean,0.0
f1102_INST_180D__PAYMENT_RATIO__max,0.0
f1112_INST_180D__DAYS_SINCE_DUE_IF_UNDERPAID__max,0.0
f1111_INST_180D__DAYS_SINCE_DUE_IF_UNDERPAID__mean,0.0
f0396_BUREAU__HAS_HISTORY,0.0
f0391_BUREAU_RECENT_1Y__HAS_OVERDUE__max,0.0
f0390_BUREAU_RECENT_1Y__HAS_OVERDUE__min,0.0
f0339_BUREAU_ACTIVE__HAS_OVERDUE__max,0.0
f1137_INST_365D__PARTS__max,0.0
f1135_INST_365D__DAYS_SINCE_DUE_IF_UNDERPAID__max,0.0
f1131_INST_365D__NOT_FULL_BY_DUE__max,0.0
f0380_BUREAU_RECENT_1Y__CNT_CREDIT_PROLONG__mean,0.0
f0261_BUREAU__DEBT_RATIO__min,0.0
f0259_BUREAU__CNT_CREDIT_PROLONG__max,0.0
f0258_BUREAU__CNT_CREDIT_PROLONG__min,0.0
f0247_BUREAU__AMT_CREDIT_SUM_OVERDUE__sum,0.0
f0215_EXTRA_BB__EXTRA_BB_LOAN__BAD_MONTH__max__mean,0.0
R2_PREV_ALL__FIRST_TO_LAST_DUE__max,0.0
R2_PREV_ALL__END_SCHEDULE_CHANGE__max,0.0
f0273_BUREAU__CREDIT_ACTIVE__Bad_debt__SHARE,0.0
f0268_BUREAU__HAS_OVERDUE__max,0.0
f0267_BUREAU__HAS_OVERDUE__min,0.0
f0266_BUREAU__HAS_OVERDUE__mean,0.0
f1221_EXTRA_INST_LAST3__NOT_FULL_BY_DUE__mean,0.0
f0621_PREV_REFUSED__DAYS_TERMINATION__max,0.0
f0620_PREV_REFUSED__DAYS_TERMINATION__min,0.0
f0233_BUREAU__CREDIT_DAY_OVERDUE__mean,0.0
f0219_EXTRA_BB__HAS_HISTORY,0.0
f0216_EXTRA_BB__EXTRA_BB_LOAN__BAD_MONTH__max__max,0.0
f0793_POS_6M__N_ROWS,0.0
f0792_POS_ROW__NAME_CONTRACT_STATUS__XNA__SHARE,0.0
f0789_POS_ROW__NAME_CONTRACT_STATUS__Demand__SHARE,0.0
f0787_POS_ROW__NAME_CONTRACT_STATUS__Canceled__SHARE,0.0
f0626_PREV_REFUSED__DAYS_FIRST_DRAWING_SENTINEL__min,0.0
f0625_PREV_REFUSED__DAYS_FIRST_DRAWING_SENTINEL__mean,0.0
f0622_PREV_REFUSED__DAYS_DECISION_SENTINEL__mean,0.0
f0806_POS_6M__MONTHS_BALANCE__min,0.0
f0799_POS_6M__HAS_DPD__max,0.0
f0795_POS_6M__SK_DPD__max,0.0
f0464_PREV__DAYS_FIRST_DUE_SENTINEL__min,0.0
f0462_PREV__DAYS_FIRST_DRAWING_SENTINEL__max,0.0
f0461_PREV__DAYS_FIRST_DRAWING_SENTINEL__min,0.0
f0459_PREV__DAYS_DECISION_SENTINEL__max,0.0
f0458_PREV__DAYS_DECISION_SENTINEL__min,0.0
f0457_PREV__DAYS_DECISION_SENTINEL__mean,0.0
f0486_PREV__NAME_CLIENT_TYPE__XNA__SHARE,0.0
f0566_PREV_APPROVED__DAYS_LAST_DUE_SENTINEL__max,0.0
f0264_BUREAU__OVERDUE_RATIO__min,0.0
f1030_CC_CLIENT__CC_LOAN__MONTHS_BALANCE__max__mean,0.0
f1027_CC_CLIENT__CC_LOAN__HAS_DPD__max__max,0.0
f1026_CC_CLIENT__CC_LOAN__HAS_DPD__max__mean,0.0
f0020_FLAG_MOBIL,0.0
f1023_CC_CLIENT__CC_LOAN__CASH_SHARE__max__max,0.0
f1011_CC_CLIENT__CC_LOAN__SK_DPD_DEF__max__max,0.0
f1049_CC_LAST__SK_DPD_DEF__mean,0.0
f1048_CC_LAST__SK_DPD__max,0.0
f1047_CC_LAST__SK_DPD__mean,0.0
f1041_CC_LAST__AMT_PAYMENT_TOTAL_CURRENT__mean,0.0
f0023_FLAG_CONT_MOBILE,0.0
f1032_CC_LAST__N_ROWS,0.0
f1031_CC_CLIENT__CC_LOAN__MONTHS_BALANCE__max__max,0.0
f0305_BUREAU_ACTIVE__CREDIT_DAY_OVERDUE__min,0.0
f0304_BUREAU_ACTIVE__CREDIT_DAY_OVERDUE__mean,0.0
f0559_PREV_APPROVED__DAYS_FIRST_DUE_SENTINEL__min,0.0
f0557_PREV_APPROVED__DAYS_FIRST_DRAWING_SENTINEL__max,0.0
f0554_PREV_APPROVED__DAYS_DECISION_SENTINEL__max,0.0
f0553_PREV_APPROVED__DAYS_DECISION_SENTINEL__min,0.0
f0552_PREV_APPROVED__DAYS_DECISION_SENTINEL__mean,0.0
f0948_CC_12M__AMT_CREDIT_LIMIT_ACTUAL__max,0.0
f0944_CC_12M__N_ROWS,0.0
f0338_BUREAU_ACTIVE__HAS_OVERDUE__min,0.0
f0337_BUREAU_ACTIVE__HAS_OVERDUE__mean,0.0
f0624_PREV_REFUSED__DAYS_DECISION_SENTINEL__max,0.0
f0335_BUREAU_ACTIVE__OVERDUE_RATIO__min,0.0
f0334_BUREAU_ACTIVE__OVERDUE_RATIO__mean,0.0
f0329_BUREAU_ACTIVE__CNT_CREDIT_PROLONG__min,0.0
f0316_BUREAU_ACTIVE__AMT_CREDIT_SUM_OVERDUE__min,0.0
f1201_EXTRA_INST__LATE_30__mean,0.0
f1200_EXTRA_INST__LATE_7__max,0.0
f1193_INST__HAS_HISTORY,0.0
f1180_INST_CLIENT__INST_LOAN__UNKNOWN_PARTS__max__max,0.0
f1176_INST_CLIENT__INST_LOAN__PARTS__max__max,0.0
f1172_INST_CLIENT__INST_LOAN__DAYS_SINCE_DUE_IF_UNDERPAID__max__max,0.0
f1171_INST_CLIENT__INST_LOAN__DAYS_SINCE_DUE_IF_UNDERPAID__max__mean,0.0
f0336_BUREAU_ACTIVE__OVERDUE_RATIO__max,0.0
f0623_PREV_REFUSED__DAYS_DECISION_SENTINEL__min,0.0
f0281_BUREAU__CREDIT_TYPE__Interbank_credit__SHARE,0.0
f0278_BUREAU__CREDIT_TYPE__Cash_loan_non_earmarked___SHARE,0.0
f1234_EXTRA_INST_LAST10__LATE_30__max,0.0
f1233_EXTRA_INST_LAST10__LATE_30__mean,0.0
f1222_EXTRA_INST_LAST3__NOT_FULL_BY_DUE__max,0.0
f0290_BUREAU__CREDIT_TYPE__Unknown_type_of_loan__SHARE,0.0
f0289_BUREAU__CREDIT_TYPE__Real_estate_loan__SHARE,0.0
f0287_BUREAU__CREDIT_TYPE__Mobile_operator_loan__SHARE,0.0
f0285_BUREAU__CREDIT_TYPE__Loan_for_working_capital_replenishment__SHARE,0.0
f0284_BUREAU__CREDIT_TYPE__Loan_for_the_purchase_of_equipment__SHARE,0.0
f0306_BUREAU_ACTIVE__CREDIT_DAY_OVERDUE__max,0.0
f0282_BUREAU__CREDIT_TYPE__Loan_for_business_development__SHARE,0.0
f0300_BUREAU_ACTIVE__DAYS_ENDDATE_FACT__max,0.0
f0299_BUREAU_ACTIVE__DAYS_ENDDATE_FACT__min,0.0
f0298_BUREAU_ACTIVE__DAYS_ENDDATE_FACT__mean,0.0
f0849_POS_CLIENT__POS_LOAN__REMAINING_SHARE__max__max,0.0
f0841_POS_CLIENT__POS_LOAN__CNT_INSTALMENT__max__max,0.0
f0837_POS_CLIENT__POS_LOAN__HAS_DPD__max__max,0.0
f0245_BUREAU__AMT_CREDIT_SUM_OVERDUE__min,0.0
R2_APP__HOUSING_MISSING,0.0
R2_APP__CHILDREN_SHARE,0.0
f1245_EXTRA_INST__HAS_HISTORY,0.0
f1238_EXTRA_INST_LAST10__NOT_FULL_BY_DUE__max,0.0
f0283_BUREAU__CREDIT_TYPE__Loan_for_purchase_of_shares_margin_lending___SHARE,0.0
